ImageName,iou_score,anchor_score,boolean_score
4AK606_1_2FNLImage2.png,0.27075351211553295,0.0,0
4AK606_1_4LDImage3.png,0.26660531842036145,0.004637681159403486,0
4AK606_1_5LDImage1.png,0.4869509866310866,0.0029712927408896903,0
4AK606_1_5LDImage2.png,0.11685434071879093,0.004128494475664968,0
4AK606_1_5LDImage3.png,0.25419195260072425,0.006392870980198935,0
4AK606_1_6FNLImage3.png,0.04034660167830562,0.005009477389588283,0
4AK606_1_6LDImage2.png,0.3029383502748623,0.0036544125667958196,0
EDDF07C1_1FNLImage3.png,0.3262910797356124,0.0,0
EDDF07C1_1LDImage3.png,0.42131731196964256,0.014922461718375865,0
EDDF07C1_2FNLImage2.png,0.7142857140856342,0.0,0
EDDF07C1_2LDImage1.png,0.16606948476014588,0.016188470649958035,0
EDDF07C1_2LDImage2.png,0.23574967256855672,0.01961221305951388,0
EDDF07C1_3LDImage1.png,0.22837635009791818,0.01664486981314178,0
EDDF07C1_3LDImage2.png,0.43275309603851425,0.02123835974479271,0
EDDF07C1_4FNLImage1.png,0.7172011659716614,0.011029411760650951,0
EDDF07C1_4FNLImage3.png,0.7117768594306015,0.0,0
EDDF07C1_4FNLImage4.png,0.807718347975365,0.00153550863717714,0
EDDF07C1_5FNLImage3.png,0.7156249997763672,0.0,0
EDDF07C1_5FNLImage5.png,0.5374841168313235,0.0,0
EDDF07C1_6FNLImage2.png,0.14516129026404787,0.0,0
EDDF07C1_6FNLImage4.png,0.19465648853104422,0.0,0
EDDF07C1_6FNLImage5.png,0.5990538142756325,0.0,0
EDDF07C1_6FNLImage6.png,0.5444743935163214,0.0,0
EDDF07C1_7FNLImage2.png,0.6939655169422563,0.0,0
EDDF07C1_7FNLImage4.png,0.7657004829068356,0.0,0
EDDF07C1_7FNLImage6.png,0.8710743800932996,0.012422360247344954,0
EDDF07C1_8LDImage2.png,0.38830936941651806,0.0,0
EDDF07C1_9FNLImage1.png,0.6197183096409442,0.0,0
EDDF07C1_9FNLImage4.png,0.7427258804944313,0.016722408025357658,0
EDDF07L1_1FNLImage3.png,0.6891891888787436,0.0,0
EDDF07L1_1FNLImage5.png,0.84279475970265,0.001572327043777936,0
EDDF07L1_1FNLImage6.png,0.9024269439870021,0.0036194415716846204,0
EDDF07L1_1LDImage2.png,0.06407878466673697,0.009565679501378975,0
EDDF07L1_2FNLImage2.png,0.734597156049954,0.0,0
EDDF07L1_2FNLImage6.png,0.6185798484336433,0.007357859531608521,0
EDDF07L1_2LDImage1.png,0.19208278580751614,0.01502504173597621,0
EDDF07L1_3FNLImage5.png,0.8643371016583415,0.0033259423499638644,0
EDDF07L1_4FNLImage2.png,0.6147540981087074,0.0,0
EDDF07L1_4FNLImage3.png,0.8246753244075729,0.0,0
EDDF07L1_4LDImage2.png,0.06251570972005273,0.007350420840128916,0
EDDF07L1_4LDImage3.png,0.6252821670407827,0.007148794679937037,0
EDDF07L1_5FNLImage3.png,0.6838487970158594,0.0,0
EDDF07L1_5LDImage2.png,0.44987264860082277,0.009470294841786285,0
EDDF07L1_6FNLImage2.png,0.8220858890662051,0.0,0
EDDF07L1_6FNLImage3.png,0.739999999704,0.0,0
EDDF07L1_6FNLImage4.png,0.8197969541066504,0.0,0
EDDF07L1_6LDImage1.png,0.05592150720873407,0.008487217735669527,0
EDDF07L1_7FNLImage4.png,0.12960954446151793,0.008124576844405918,0
EDDF07L1_7LDImage2.png,0.1395039511769834,0.0,0
EDDF07L1_8FNLImage3.png,0.7061611371060847,0.0,0
EDDF07L1_9FNLImage4.png,0.6445497628804384,0.026490066216394017,0
EDDF07R1_1FNLImage3.png,0.6828193829591104,0.0,0
EDDF07R1_1FNLImage5.png,0.8404494380133821,0.0,0
EDDF07R1_1FNLImage6.png,0.7858508603455209,0.0,0
EDDF07R1_2FNLImage2.png,0.5302013421039592,0.0,0
EDDF07R1_2FNLImage3.png,0.565714285552653,0.0,0
EDDF07R1_2FNLImage4.png,0.499999999916388,0.017271157164547298,0
EDDF07R1_2FNLImage5.png,0.8106508874540458,0.0,0
EDDF07R1_2LDImage1.png,0.12883682621006892,0.01571268237912861,0
EDDF07R1_3FNLImage3.png,0.5644171777409763,0.0,0
EDDF07R1_3FNLImage4.png,0.666666666530334,0.0,0
EDDF07R1_3FNLImage5.png,0.7821939585401918,0.0,0
EDDF07R1_3FNLImage6.png,0.8113790970432048,0.012218649516899122,0
EDDF07R1_3LDImage1.png,0.22144887587178663,0.007923809523749152,0
EDDF07R1_4FNLImage1.png,0.6666666662626263,0.0,0
EDDF07R1_4FNLImage4.png,0.8353658534038518,0.0,0
EDDF07R1_4LDImage1.png,0.6525475395539191,0.004532470005695934,0
EDDF07R1_5FNLImage3.png,0.5620437954153125,0.0,0
EDDF07R1_5FNLImage5.png,0.8202416917189967,0.008333333331944444,0
EDDF07R1_6LDImage1.png,0.25216959199202765,0.013305898490992413,0
EDDF07R1_7FNLImage3.png,0.7564469911872644,0.0,0
EDDF07R1_8FNLImage1.png,0.29914529888961944,0.0,0
EDDF07R1_8FNLImage3.png,0.40598290580940904,0.0,0
EDDF07R1_8FNLImage4.png,0.7811447808817694,0.0,0
EDDF07R1_8LDImage1.png,0.23387713997938797,0.01555990136879891,0
EDDF07R1_8LDImage2.png,0.39329352319525357,0.020674203075459065,0
EDDF07R1_9LDImage1.png,0.07467943153333495,0.01818751959804994,0
EDDF25C1_1FNLImage1.png,0.2704081631273428,0.0,0
EDDF25C1_1FNLImage7.png,0.9220670724320077,0.008627251966396509,0
EDDF25C1_1LDImage3.png,0.5638511133956555,0.008313826781755478,0
EDDF25C1_2FNLImage1.png,0.6208791205379786,0.0,0
EDDF25C1_2FNLImage2.png,0.709523809185941,0.0,0
EDDF25C1_2FNLImage3.png,0.25266903911593486,0.0,0
EDDF25C1_2FNLImage5.png,0.829670329556364,0.0,0
EDDF25C1_2FNLImage6.png,0.8010118043394596,0.0,0
EDDF25C1_2LDImage1.png,0.20615914167415078,0.0,0
EDDF25C1_2LDImage2.png,0.25910109212924176,0.0,0
EDDF25C1_3FNLImage2.png,0.6734693874114952,0.0,0
EDDF25C1_3LDImage1.png,0.30413095723799877,0.0,0
EDDF25C1_3LDImage2.png,0.42638053432815054,0.01118338468548233,0
EDDF25C1_4FNLImage3.png,0.41719077559388035,0.0,0
EDDF25C1_4FNLImage7.png,0.907910576088496,0.009951165576246649,0
EDDF25C1_4LDImage2.png,0.5649282233599043,0.0,0
EDDF25C1_5FNLImage4.png,0.760563380103154,0.0,0
EDDF25C1_5FNLImage5.png,0.6918990702932405,0.0,0
EDDF25C1_6FNLImage1.png,0.2402234635529478,0.0,0
EDDF25C1_6FNLImage2.png,0.40358744376520744,0.0,0
EDDF25C1_6FNLImage5.png,0.7450980391033035,0.0,0
EDDF25C1_7FNLImage3.png,0.6487341770098942,0.0,0
EDDF25C1_7FNLImage6.png,0.5246463780315197,0.023566029345328324,0
EDDF25C1_7LDImage2.png,0.2601004702850572,0.006822445846719726,0
EDDF25C1_7LDImage3.png,0.03475820379927938,0.0,0
EDDF25C1_8FNLImage1.png,0.2694063925710473,0.0,0
EDDF25C1_8FNLImage3.png,0.5358490564015663,0.0,0
EDDF25C1_9LDImage4.png,0.23086322771902884,0.01661049590715911,0
EDDF25C2_1FNLImage2.png,0.5767634852378575,0.0,0
EDDF25C2_1LDImage1.png,0.4314107805508793,0.007137654770523396,0
EDDF25C2_1LDImage3.png,0.4099663582825485,0.009640253938320869,0
EDDF25C2_2FNLImage4.png,0.6601671307353294,0.0,0
EDDF25C2_2FNLImage5.png,0.7880258898401253,0.0,0
EDDF25C2_2LDImage3.png,0.18789640591924794,0.010104529616607379,0
EDDF25C2_2LDImage4.png,0.17859382446590263,0.011637572734668363,0
EDDF25C2_2LDImage5.png,0.17902350813635307,0.0007115749525447919,0
EDDF25C2_3FNLImage1.png,0.6894409933605957,0.0,0
EDDF25C2_3FNLImage3.png,0.6547619045020786,0.0,0
EDDF25C2_3FNLImage4.png,0.6435185183695559,0.0,0
EDDF25C2_3LDImage1.png,0.3233843662581945,0.006368702376818278,0
EDDF25C2_4FNLImage3.png,0.44935064923393486,0.0,0
EDDF25C2_4FNLImage4.png,0.6411889595241637,0.0,0
EDDF25C2_4LDImage4.png,0.576772262921387,0.009604786647696387,0
EDDF25C2_5FNLImage3.png,0.6915887847235567,0.0,0
EDDF25C2_5FNLImage7.png,0.8407926204017495,0.0,0
EDDF25C2_5LDImage1.png,0.25727023495283696,0.010750547481477695,0
EDDF25C2_6FNLImage1.png,0.38339920933462485,0.0,0
EDDF25C2_6FNLImage2.png,0.5647668390856131,0.0,0
EDDF25C2_6FNLImage3.png,0.6431924879609425,0.0,0
EDDF25C2_6LDImage1.png,0.33631127051334353,0.00987033094632688,0
EDDF25C2_7FNLImage3.png,0.7947761191064268,0.0389105058214356,0
EDDF25C2_7FNLImage5.png,0.6402116401269562,0.0,0
EDDF25C2_7FNLImage6.png,0.6924671734144805,0.0,0
EDDF25C2_7FNLImage7.png,0.17242718446490338,0.0,0
EDDF25C2_7LDImage1.png,0.5326757895407013,0.0047158255756693055,0
EDDF25C2_8FNLImage2.png,0.5491329476594607,0.0,0
EDDF25C2_LDImage2.png,0.2416839596469321,0.014754918305979034,0
EDDF25C2_LDImage3.png,0.44389133082431875,0.01317939222292583,0
EDDF25L1_1FNLImage3.png,0.8133848132801307,0.0,0
EDDF25L1_1FNLImage4.png,0.13565666684169528,0.0036576444768230566,0
EDDF25L1_2FNLImage6.png,0.8102409637333975,0.0,0
EDDF25L1_2LDImage2.png,0.20060873297615558,0.016079632465235843,0
EDDF25L1_3FNLImage2.png,0.5648148145533265,0.0,0
EDDF25L1_3LDImage3.png,0.19894279626209252,0.016583108368471742,0
EDDF25L1_4FNLImage3.png,0.8008298751863777,0.0,0
EDDF25L1_4LDImage2.png,0.281994873984874,0.011636580635449525,0
EDDF25L1_5FNLImage5.png,0.6765578633007246,0.0,0
EDDF25L1_5LDImage1.png,0.2532817502661332,0.01220504475170662,0
EDDF25L1_6FNLImage1.png,0.517587939438398,0.0,0
EDDF25L1_6FNLImage8.png,0.2540139975285405,0.007186290768247903,0
EDDF25L1_6LDImage1.png,0.2650083379650103,0.011252482165100738,0
EDDF25L1_7FNLImage4.png,0.7492625366521349,0.0,0
EDDF25L1_7FNLImage5.png,0.7937219729162058,0.0,0
EDDF25L1_7LDImage3.png,0.270364404195784,0.0,0
EDDF25L1_7LDImage4.png,0.06975502302870465,0.0024320457796504717,0
EDDF25L1_8FNLImage2.png,0.5775862066475922,0.0,0
EDDF25L1_8FNLImage4.png,0.7684210523619575,0.0,0
EDDF25L1_8FNLImage5.png,0.6929133856903713,0.0,0
EDDF25L1_8FNLImage8.png,0.848603090356663,0.005336891260751553,0
EDDF25L1_8LDImage2.png,0.25979175494806045,0.015274314214305128,0
EDDF25R1_2FNLImage1.png,0.6479999994816,0.0,0
EDDF25R1_2FNLImage3.png,0.5960784311387928,0.0,0
EDDF25R1_2LDImage1.png,0.13911309467254032,0.014853137516441036,0
EDDF25R1_3FNLImage2.png,0.6666666662768032,0.0,0
EDDF25R1_3FNLImage3.png,0.7336065570763908,0.0,0
EDDF25R1_3FNLImage6.png,0.6694720733994283,0.005627009645849918,0
EDDF25R1_3LDImage1.png,0.463790233072217,0.011401278791992903,0
EDDF25R1_4FNLImage5.png,0.7224264704554364,0.0,0
EDDF25R1_4FNLImage6.png,0.6649572649004309,0.01866404714944361,0
EDDF25R1_4LDImage1.png,0.8008954340235296,0.009538667260933636,0
EDDF25R1_4LDImage2.png,0.64565400843337,0.008409468438450897,0
EDDF25R1_5FNLImage4.png,0.8516129029510926,0.0,0
EDDF25R1_5FNLImage7.png,0.8415226257362299,0.006299874002387655,0
EDDF25R1_5LDImage1.png,0.5855966357090651,0.0059704038551495996,0
EDDF25R1_5LDImage2.png,0.43214734877507344,0.010497316296914942,0
EDDF25R1_6FNLImage6.png,0.6491359879301926,0.015557476230288894,0
EDDF25R1_6LDImage1.png,0.789846600769512,0.00889602499562187,0
EDDF25R1_7FNLImage1.png,0.0,0.016241299302060176,0
EDDF25R1_7FNLImage2.png,0.0,0.0,0
EDDF25R1_7FNLImage4.png,0.08687068113653794,0.0,0
EDDF25R1_8FNLImage1.png,0.4444444442092887,0.0,0
EDDF25R1_9FNLImage6.png,0.5859820700418922,0.002714932126451137,0
EDDF25R1_9FNLImage7.png,0.8272710656035959,0.007648601398434253,0
EDDF36_1_1FNLImage3.png,0.8724066389136508,0.013452914796698105,0
EDDF36_1_1LDImage2.png,0.39261711304651803,0.0,0
EDDF36_1_2FNLImage2.png,0.5588235292063148,0.0,0
EDDF36_1_2FNLImage3.png,0.687719298004309,0.0,0
EDDF36_1_2FNLImage4.png,0.8143712572412062,0.006944444442033178,0
EDDF36_1_2FNLImage6.png,0.7629157819700696,0.0,0
EDDF36_1_2LDImage1.png,0.13603853452001152,0.014877262583315714,0
EDDF36_1_3FNLImage2.png,0.7402135228682514,0.0,0
EDDF36_1_3FNLImage3.png,0.7474747472230724,0.0,0
EDDF36_1_3FNLImage6.png,0.7777115613362507,0.0,0
EDDF36_1_4FNLImage6.png,0.8150896721821218,0.0,0
EDDF36_1_4LDImage1.png,0.4110834044215136,0.007819287575959092,0
EDDF36_1_5FNLImage4.png,0.8309859152588771,0.029850746259746045,0
EDDF36_1_7FNLImage6.png,0.13955237915855648,0.004978839930172297,0
EDDF36_1_7LDImage1.png,0.06321730505817971,0.008515030318558702,0
EDDF36_1_7LDImage4.png,0.314000960611023,0.01684263448926992,0
EDDF36_1_8FNLImage6.png,0.838683127502989,0.01355275895318947,0
EDDF36_1_9FNLImage1.png,0.4869565215274102,0.0,0
EDDF36_1_9FNLImage6.png,0.8660209845951556,0.0,0
EDDF36_1_9LDImage1.png,0.44587655335089926,0.004728132387653628,0
EDDF36_1_9LDImage2.png,0.4222105263113451,0.004863550391720298,0
EDFE26_1_10FNLImage6.png,0.44656992081487,0.020737327187347363,0
EDFE26_1_10LDImage3.png,0.10858918817000762,0.013526929759077601,0
EDFE26_1_1FNLImage1.png,0.228187919309941,0.0,0
EDFE26_1_1FNLImage2.png,0.7049180316312819,0.0,0
EDFE26_1_1FNLImage5.png,0.5771428568130612,0.0,0
EDFE26_1_2FNLImage2.png,0.6172607878766866,0.0,0
EDFE26_1_2FNLImage3.png,0.36350777932365574,0.0,0
EDFE26_1_2FNLImage4.png,0.075975359342338,0.011029411763894896,0
EDFE26_1_2LDImage1.png,0.059775333216751714,0.02354048964107625,0
EDFE26_1_3FNLImage1.png,0.7499999984375,0.0,0
EDFE26_1_3FNLImage2.png,0.7333333323555556,0.0,0
EDFE26_1_3FNLImage6.png,0.4733178653194158,0.0,0
EDFE26_1_3LDImage1.png,0.31886792452720797,0.007978723404170439,0
EDFE26_1_3LDImage3.png,0.11811297763026324,0.02173913043398161,0
EDFE26_1_4FNLImage3.png,0.681818181301653,0.0,0
EDFE26_1_4FNLImage6.png,0.4333333333140741,0.0,0
EDFE26_1_4LDImage2.png,0.07248680828009577,0.03225806451474159,0
EDFE26_1_5FNLImage5.png,0.5329949235873123,0.0,0
EDFE26_1_5LDImage1.png,0.13839813532365502,0.01615969581710647,0
EDFE26_1_7FNLImage1.png,0.0,0.0,0
EDFE26_1_7FNLImage3.png,0.2172131146650766,0.0,0
EDFE26_1_7FNLImage7.png,0.5704225351443166,0.0,0
EDFE26_1_8FNLImage1.png,0.6417910442971709,0.0,0
EDFE26_1_9FNLImage4.png,0.5828571425240816,0.0,0
EDFE26_1_9FNLImage8.png,0.30339805824969973,0.008636272343670691,0
ETOU07_1_10FNLImage2.png,0.6929824555324716,0.0,0
ETOU07_1_10FNLImage6.png,0.7536764704496919,0.0,0
ETOU07_1_10LDImage1.png,0.8107461476041737,0.003832371092953253,0
ETOU07_1_1FNLImage2.png,0.73999999926,0.0,0
ETOU07_1_1FNLImage5.png,0.6748166257518785,0.0,0
ETOU07_1_1FNLImage6.png,0.8529411763840831,0.0,0
ETOU07_1_1LDImage1.png,0.9042251020743706,0.004119127791022527,0
ETOU07_1_1LDImage3.png,0.06768636980867924,0.005381526104374445,0
ETOU07_1_2FNLImage3.png,0.6036036030598166,0.0,0
ETOU07_1_2FNLImage4.png,0.6870229002389139,0.0,0
ETOU07_1_2FNLImage7.png,0.8443548386415842,0.0,0
ETOU07_1_2LDImage2.png,0.7209505825969652,0.002927801656992912,0
ETOU07_1_2LDImage3.png,0.6287301241525336,0.011822888493842647,0
ETOU07_1_3FNLImage5.png,0.655913978259529,0.0,0
ETOU07_1_3FNLImage7.png,0.7885010266738065,0.004089422028241837,0
ETOU07_1_3LDImage1.png,0.5390642389683521,0.014142271248662549,0
ETOU07_1_6FNLImage1.png,0.1272158498303216,0.0,0
ETOU07_1_6FNLImage3.png,0.7494364487471921,0.006952273581229758,0
ETOU07_1_6LDImage1.png,0.670385760557961,0.004326479023847521,0
ETOU07_1_7LDImage3.png,0.09990597085067023,0.002046185325868279,0
ETOU07_1_8LDImage3.png,0.38576564798012025,0.004725056495208347,0
ETOU07_1_9FNLImage5.png,0.6160990710166876,0.0,0
ETOU25_1_10LDImage1.png,0.5829465510681526,0.006687140875734659,0
ETOU25_1_10LDImage2.png,0.5359370962363471,0.017197496044457607,0
ETOU25_1_1FNLImage3.png,0.7745098031622454,0.0,0
ETOU25_1_1FNLImage4.png,0.655555555191358,0.0,0
ETOU25_1_1FNLImage6.png,0.7731277531336722,0.0,0
ETOU25_1_2FNLImage4.png,0.8578680198691025,0.0,0
ETOU25_1_2FNLImage6.png,0.8923611109561873,0.0,0
ETOU25_1_2FNLImage7.png,0.878871681367319,0.0,0
ETOU25_1_2LDImage1.png,0.7112609850778203,0.008098706381084364,0
ETOU25_1_3FNLImage4.png,0.38947368410803324,0.0,0
ETOU25_1_3FNLImage5.png,0.5134529146830823,0.0,0
ETOU25_1_4FNLImage1.png,0.6419753078494133,0.0,0
ETOU25_1_4FNLImage7.png,0.8419243985675653,0.010441767067434396,0
ETOU25_1_4LDImage2.png,0.6790371361974341,0.009519719418762007,0
ETOU25_1_5FNLImage4.png,0.7614678895589597,0.0,0
ETOU25_1_6FNLImage5.png,0.5997757846861238,0.0,0
ETOU25_1_7FNLImage3.png,0.29166666649305556,0.0,0
ETOU25_1_7FNLImage4.png,0.6752136749251224,0.0,0
ETOU25_1_7FNLImage5.png,0.5973684208954293,0.0,0
ETOU25_1_7FNLImage6.png,0.4652777777239262,0.0,0
ETOU25_1_7LDImage3.png,0.2751862464167611,0.010172570390369255,0
ETOU25_1_8FNLImage5.png,0.60479041904096,0.0,0
ETOU25_1_8FNLImage6.png,0.31368591036279025,0.009251471824674035,0
ETOU25_1_8LDImage1.png,0.4477078438223074,0.00519252276719447,0
ETOU25_1_9FNLImage1.png,0.46456692876805755,0.0,0
FACT19_1_1FNLImage5.png,0.650259067189052,0.0,0
FACT19_1_1LDImage1.png,0.9131125537543126,0.005973680319367222,0
FACT19_1_2FNLImage6.png,0.5495454545204752,0.0,0
FACT19_1_2LDImage1.png,0.2345125744708322,0.01008348693472749,0
FACT19_2_1FNLImage4.png,0.720720720504288,0.0,0
FACT19_2_1FNLImage6.png,0.7677595628182222,0.0037383177568695958,0
FACT19_2_2LDImage2.png,0.24992538904231523,0.006227129742529196,0
FACT19_3_1FNLImage1.png,0.8432203386257541,0.0,0
FACT19_3_1FNLImage2.png,0.8517520213337595,0.0,0
FACT19_3_1LDImage4.png,0.7120323768966323,0.011582562132520909,0
FACT19_3_2LDImage1.png,0.8572013595935247,0.004573098863775526,0
FACT19_3_2LDImage3.png,0.7793823594737481,0.006473260682345597,0
FACT19_5_1FNLImage3.png,0.0,0.0,0
FACT19_5_1LDImage1.png,0.3967468175318821,0.0,0
FACT19_5_1LDImage3.png,0.796550165706564,0.0,0
FACT19_6_1LDImage1.png,0.7112866270500693,0.0016252031503897356,0
FACT19_6_1LDImage2.png,0.6894366456639596,0.005333828680593,0
KASE15_1_10FNLImage1.png,0.30597014913956333,0.05058365756786628,0
KASE15_1_10FNLImage4.png,0.5316804406248814,0.0,0
KASE15_1_10FNLImage6.png,0.6834910619680872,0.0,0
KASE15_1_10FNLImage7.png,0.8254737769578901,0.008300781249594689,0
KASE15_1_10LDImage2.png,0.0,0.0,0
KASE15_1_1FNLImage1.png,0.3439999997248,0.0,0
KASE15_1_1FNLImage2.png,0.6229508191615157,0.07608695643903592,0
KASE15_1_1FNLImage7.png,0.8517495395164134,0.0,0
KASE15_1_2FNLImage5.png,0.6343042069144647,0.0,0
KASE15_1_2FNLImage6.png,0.7377777776138271,0.0,0
KASE15_1_3FNLImage3.png,0.7449664427030314,0.0,0
KASE15_1_3FNLImage5.png,0.8873362444639881,0.0,0
KASE15_1_3LDImage2.png,0.5841555593988567,0.013985536908077599,0
KASE15_1_4FNLImage2.png,0.36241610713931804,0.0,0
KASE15_1_4FNLImage7.png,0.8270676690840959,0.0,0
KASE15_1_5LDImage2.png,0.6460163353317459,0.015048749469954971,0
KASE15_1_6FNLImage4.png,0.8576115485001566,0.0,0
KASE15_1_7FNLImage3.png,0.6037234040947543,0.0,0
KASE15_1_7FNLImage5.png,0.8349455864065933,0.0,0
KASE15_1_7LDImage1.png,0.39344542604506444,0.0,0
KASE15_1_8FNLImage4.png,0.6302083330050998,0.0,0
KASE15_1_8FNLImage5.png,0.759336099269985,0.0,0
KASE15_1_9FNLImage1.png,0.3301886789337843,0.0,0
KASE15_1_9FNLImage2.png,0.6976744180638184,0.0,0
KASE15_1_9FNLImage3.png,0.7089552233515259,0.0,0
KASE15_1_9FNLImage4.png,0.5805084743302931,0.0,0
KASE15_1_9FNLImage5.png,0.7435897433514135,0.0,0
KASE33_1_10FNLImage1.png,0.16781609191544455,0.0,0
KASE33_1_10FNLImage2.png,0.36235955046001134,0.0,0
KASE33_1_10FNLImage6.png,0.9199064074708441,0.0019297568505995803,0
KASE33_1_1FNLImage2.png,0.5283018865432538,0.0,0
KASE33_1_1LDImage2.png,0.09326205792608722,0.009689922480307174,0
KASE33_1_1LDImage3.png,0.641372141338806,0.0,0
KASE33_1_2FNLImage1.png,0.7039106141318935,0.0,0
KASE33_1_2FNLImage2.png,0.5205882351410034,0.0,0
KASE33_1_2FNLImage3.png,0.7139588099052725,0.0,0
KASE33_1_2FNLImage6.png,0.9330476324228393,0.0034302865718328426,0
KASE33_1_3FNLImage6.png,0.9079646017662591,0.004641075688550678,0
KASE33_1_3LDImage1.png,0.7837824376132296,0.008748381391501915,0
KASE33_1_4FNLImage2.png,0.6041055716703503,0.0,0
KASE33_1_4LDImage1.png,0.6958676836923855,0.008229997047504318,0
KASE33_1_4LDImage2.png,0.6262427283061152,0.010552542869653854,0
KASE33_1_5FNLImage1.png,0.6783216778473276,0.0,0
KASE33_1_5FNLImage3.png,0.7661538459181064,0.0,0
KASE33_1_5FNLImage4.png,0.842610364521572,0.0,0
KASE33_1_6FNLImage1.png,0.589743589365549,0.0,0
KASE33_1_6FNLImage2.png,0.5614035085257002,0.0,0
KASE33_1_6FNLImage4.png,0.8487712663801945,0.0,0
KASE33_1_6LDImage4.png,0.19954320737749126,0.0032485717485913677,0
KASE33_1_7FNLImage5.png,0.8716993906272276,0.0,0
KASE33_1_8FNLImage2.png,0.7689243027377872,0.004307250538097111,0
KASE33_1_8FNLImage3.png,0.9538553394664461,0.0037590698487301416,0
KASE33_1_8LDImage1.png,0.6291337167491258,0.009284387944546191,0
KASE33_1_9FNLImage5.png,0.588588588500212,0.0,0
KASE33_1_9FNLImage7.png,0.9668636397564001,0.003755077017367192,0
KJAC01_1_10LDImage1.png,0.9829056274134554,0.005376569916388556,0
KJAC01_1_2FNLImage3.png,0.4871175522957232,0.0,0
KJAC01_1_2FNLImage4.png,0.167586206895107,0.006039168320196366,0
KJAC01_1_2LDImage2.png,0.5918550724620526,0.006053505174741,0
KJAC01_1_3FNLImage3.png,0.29520116334002905,0.0,0
KJAC01_1_4FNLImage3.png,0.510416666631221,0.0,0
KJAC01_1_6LDImage2.png,0.5893581564452179,0.007398133394014916,0
KJAC01_1_7FNLImage2.png,0.7697907187652601,0.0,0
KJAC01_1_8FNLImage1.png,0.6159999998357333,0.0,0
KJAC01_1_8FNLImage2.png,0.6143292681990352,0.0,0
KJAC01_1_8LDImage2.png,0.0241766001445482,0.011873350922699647,0
KJAC01_1_9FNLImage1.png,0.5077319586320278,0.0,0
KJAC01_1_9FNLImage3.png,0.6826126954293824,0.0,0
KJAC01_1_9LDImage3.png,0.18977063452042717,0.006109979633152344,0
KJAC19_1_10FNLImage1.png,0.6279069762574365,0.0,0
KJAC19_1_10LDImage1.png,0.7279190364650164,0.00876829864897163,0
KJAC19_1_1FNLImage1.png,0.6562499994873047,0.0,0
KJAC19_1_1FNLImage5.png,0.7950052028309048,0.0,0
KJAC19_1_3FNLImage1.png,0.02914862914778792,0.0,0
KJAC19_1_3FNLImage2.png,0.1603875134380638,0.0,0
KJAC19_1_3LDImage2.png,0.10235396686964972,0.005472247885683517,0
KJAC19_1_4FNLImage2.png,0.6683673465977717,0.023952095794040663,0
KJAC19_1_4FNLImage5.png,0.8889655171800713,0.009783368273250638,0
KJAC19_1_4LDImage1.png,0.6983445566759305,0.007111016769238268,0
KJAC19_1_5FNLImage1.png,0.23622047225494452,0.0,0
KJAC19_1_5LDImage2.png,0.5702611476266647,0.007367215889255974,0
KJAC19_1_5LDImage3.png,0.2595945429028459,0.0021390374331093256,0
KJAC19_1_6FNLImage1.png,0.362068965205113,0.0,0
KJAC19_1_7FNLImage4.png,0.7274167986168912,0.0032520325197964175,0
KJAC19_1_7LDImage1.png,0.27196716792664244,0.013542107490334932,0
KJAC19_1_8FNLImage1.png,0.5514705878298011,0.0,0
KJAC19_1_8FNLImage2.png,0.5371428568359183,0.0,0
KJAC19_1_8FNLImage3.png,0.6120996439102848,0.0,0
KJAC19_1_8FNLImage5.png,0.6394009215853225,0.0,0
KJAC19_1_8LDImage1.png,0.11928047502515472,0.0,0
KJAC19_1_9LDImage1.png,0.4277693011888075,0.010987492225755045,0
KJFK13R_2LDImage2.png,0.2761401755753474,0.006042296072483845,0
KJFK13R_3LDImage2.png,0.6804022908203645,0.006898590716433928,0
KJFK13R_4FNLImage4.png,0.5923632610327799,0.01960784313485198,0
KJFK13R_4FNLImage5.png,0.5743615422847089,0.01470588235204008,0
KJFK13R_6LDImage1.png,0.035938869621418734,0.0,0
KJFK13R_7FNLImage1.png,0.6717877094033816,0.0,0
KJFK13R_7LDImage2.png,0.5109100952889417,0.00444571102875779,0
KJFK13R_8FNLImage4.png,0.15551366635005476,0.03131313130996837,0
KJFK13R_8LDImage1.png,0.2326754385954707,0.0051354701610565705,0
KJFK13R_9FNLImage5.png,0.06759906759381515,0.0,0
KLAX06R1_1FNLImage1.png,0.8369668245652163,0.0,0
KLAX06R1_1FNLImage2.png,0.16535742340764573,0.004139562388874064,0
KLAX06R1_1LDImage1.png,0.30844029560282354,0.008726366091653306,0
KLAX06R1_1LDImage4.png,0.0,0.011752136750881182,0
KLAX06R1_2LDImage3.png,0.8139097744330304,0.003420957868187698,0
KLAX06R1_4FNLImage1.png,0.3258064515778703,0.0,0
KLAX06R1_5LDImage1.png,0.7901048747291216,0.002439971163963622,0
KLAX06R1_6FNLImage2.png,0.7854157659491942,0.004645586692572373,0
KLAX06R1_6LDImage2.png,0.25373959686937336,0.006274258032491101,0
KLAX06R1_7FNLImage2.png,0.6035044824529949,0.0,0
KLAX06R1_7LDImage2.png,0.4770424944023544,0.016271056661250553,0
KLAX06R1_8FNLImage2.png,0.7239495798217934,0.004823379202655364,0
KLAX06R1_9LDImage1.png,0.6782235100147919,0.00577184662326469,0
KLAX06R1_9LDImage2.png,0.5523557645196971,0.010927382053590845,0
KLAX06R1_9LDImage3.png,0.28184361654716766,0.0,0
LFMT12R1_1FNLImage1.png,0.0,0.0,0
LFMT12R1_2FNLImage3.png,0.6535433065720132,0.0,0
LFMT12R1_3FNLImage1.png,0.0,0.0,0
LFMT12R1_3FNLImage6.png,0.7271341462306198,0.0,0
LFMT12R1_4FNLImage4.png,0.6399999995733333,0.0,0
LFMT12R1_4FNLImage5.png,0.6933797906991708,0.0,0
LFMT12R1_4LDImage1.png,0.3493029381029503,0.010624597553008965,0
LFMT12R1_5FNLImage3.png,0.7954545445506199,0.0,0
LFMT12R1_5FNLImage4.png,0.6433566429067437,0.0,0
LFMT12R1_6LDImage2.png,0.08344746162888572,0.0,0
LFMT12R1_7FNLImage2.png,0.0,0.0,0
LFMT12R1_7FNLImage5.png,0.6550522645801211,0.0,0
LFMT12R1_7FNLImage6.png,0.7139561706212277,0.0,0
LFMT12R1_8FNLImage2.png,0.3045685277641784,0.0,0
LFMT12R1_8LDImage1.png,0.32879126838635486,0.0,0
LFMT12R1_9FNLImage5.png,0.22829581991122233,0.0,0
LFMT30R1_1FNLImage3.png,0.6966292130917814,0.0,0
LFMT30R1_1FNLImage4.png,0.7182539679689468,0.0,0
LFMT30R1_1FNLImage5.png,0.8186666664483555,0.0,0
LFMT30R1_1LDImage3.png,0.6965492277964264,0.0115971735260176,0
LFMT30R1_2FNLImage2.png,0.5555555552469136,0.0,0
LFMT30R1_2FNLImage3.png,0.5940594056465053,0.0,0
LFMT30R1_2LDImage3.png,0.08604998931815402,0.005221932114712078,0
LFMT30R1_3FNLImage2.png,0.7328767118267968,0.0,0
LFMT30R1_3FNLImage3.png,0.6382978720009054,0.0,0
LFMT30R1_3FNLImage5.png,0.7916666664605034,0.0,0
LFMT30R1_3FNLImage6.png,0.8825910929983009,0.0,0
LFMT30R1_3LDImage4.png,0.6597618142616257,0.011584914961699245,0
LFMT30R1_4FNLImage3.png,0.6951871654036432,0.0,0
LFMT30R1_4FNLImage7.png,0.8854635996944401,0.008991494531980766,0
LFMT30R1_5FNLImage1.png,0.7438016522778499,0.0,0
LFMT30R1_5FNLImage2.png,0.7832167826690792,0.0,0
LFMT30R1_5FNLImage5.png,0.8560411308853364,0.0,0
LFMT30R1_5FNLImage6.png,0.9401260503214154,0.0,0
LFMT30R1_5LDImage1.png,0.685287175450474,0.008000324886257308,0
LFMT30R1_7FNLImage1.png,0.562043795210187,0.0,0
LFMT30R1_7FNLImage4.png,0.7722772274678953,0.0,0
LFMT30R1_7FNLImage5.png,0.837528603927339,0.0,0
LFMT30R1_7LDImage1.png,0.926496498753438,0.004428531046808497,0
LFMT30R1_8FNLImage3.png,0.5493827157102577,0.0,0
LFMT30R1_8FNLImage6.png,0.8933649288041037,0.0,0
LFMT30R1_9FNLImage7.png,0.871212121201476,0.005433376455298404,0
LFPG09R1_1FNLImage6.png,0.8068124046566647,0.010632344711510007,0
LFPG09R1_1LDImage1.png,0.3554924656022909,0.01578018097532796,0
LFPG09R1_2LDImage1.png,0.3514665110160471,0.009277458919653451,0
LFPG09R1_2LDImage2.png,0.3865240990883299,0.0008788204276840266,0
LFPG09R1_3FNLImage5.png,0.5912476722257334,0.00485672656605844,0
LFPG09R1_3LDImage2.png,0.24119559681810945,0.0,0
LFPG09R1_4FNLImage1.png,0.6842105259556787,0.0,0
LFPG09R1_4FNLImage2.png,0.7269076302301576,0.0,0
LFPG09R1_5FNLImage1.png,0.5692307687928995,0.0,0
LFPG09R1_5FNLImage2.png,0.6396396393515137,0.0,0
LFPG09R1_5FNLImage3.png,0.7610294114849155,0.0,0
LFPG09R1_5FNLImage4.png,0.8195488719750503,0.013927576597791761,0
LFPG09R1_5FNLImage5.png,0.8072445018360616,0.0,0
LFPG09R1_5FNLImage6.png,0.8570306362697819,0.006198347107255067,0
LFPG09R1_6LDImage1.png,0.2511196668490174,0.002411689601327682,0
LFPG09R1_7FNLImage1.png,0.626760562938901,0.0,0
LFPG09R1_8FNLImage1.png,0.578680202751939,0.0,0
LFPG09R1_8FNLImage2.png,0.7439613522976032,0.0,0
LFPG09R1_8FNLImage5.png,0.7805362461985565,0.0,0
LFPG09R1_8LDImage2.png,0.2654035506483975,0.010763512467006632,0
LFPG09R1_9FNLImage1.png,0.5463414631481261,0.0,0
LFPG27L1_1LDImage2.png,0.39348860230320487,0.009969061533104371,0
LFPG27L1_2FNLImage1.png,0.6537102471188303,0.0,0
LFPG27L1_2FNLImage2.png,0.751141552339922,0.0,0
LFPG27L1_2FNLImage3.png,0.7451193057760175,0.00790067720001121,0
LFPG27L1_2FNLImage4.png,0.7705088265569225,0.00823782234927515,0
LFPG27L1_2FNLImage5.png,0.5203000061952501,0.0032530904358788427,0
LFPG27L1_3FNL_Image1.png,0.19901719896830042,0.0,0
LFPG27L1_3FNL_Image3.png,0.3844444443590123,0.0,0
LFPG27L1_3FNL_Image5.png,0.5582112567032991,0.003610108302814668,0
LFPG27L1_4FNLImage4.png,0.6998535870644323,0.0052277819264206285,0
LFPG27L1_5FNLImage4.png,0.7584388184853967,0.009584664535720483,0
LFPG27L1_5LDImage2.png,0.2964157467738515,0.005730968858069518,0
LFPG27L1_6FNLImage1.png,0.31972789093896065,0.0,0
LFPG27L1_6FNLImage3.png,0.3860182369647361,0.0,0
LFPG27L1_6FNLImage4.png,0.6305732483072336,0.00656455142088303,0
LFPG27L1_6FNLImage6.png,0.11338607103991478,0.01735895846141606,0
LFPG27L1_7FNLImage2.png,0.562499999765625,0.0,0
LFPG27L1_7FNLImage6.png,0.09309689676945256,0.01444788441617916,0
LFPG27L1_7LDImage2.png,0.39310928369234216,0.00703991498965903,0
LFPG27L1_8FNLImage1.png,0.49999999972826087,0.0,0
LFPG27L1_8FNLImage2.png,0.7365591395869464,0.012738853499127753,0
LFPG27L1_8FNLImage4.png,0.5622623573877252,0.013599999998912,0
LFPG27L1_8FNLImage5.png,0.11270137592399432,0.01766381766281118,0
LFPG27L1_8LDImage1.png,0.22375109698106777,0.004722719141289998,0
LFPG27L1_9FNLImage2.png,0.7552447549806836,0.0,0
LFPG27L1_9LDImage1.png,0.5963624228241433,0.005728206478761337,0
LGAV03L1_1FNLImage3.png,0.5780933061707721,0.0,0
LGAV03L1_2FNLImage1.png,0.6815286619862875,0.0,0
LGAV03L1_2FNLImage2.png,0.7268292679381321,0.0,0
LGAV03L1_2LDImage1.png,0.5099619265866634,0.0022983809183191256,0
LGAV03L1_4FNLImage1.png,0.7937499995039062,0.0,0
LGAV03L1_5FNLImage4.png,0.5463609171937825,0.0,0
LGAV03L1_5FNLImage5.png,0.8536585365380455,0.0,0
LGAV03L1_8FNLImage4.png,0.8317460316140086,0.0,0
LGAV03R1_1FNLImage2.png,0.49779735660889984,0.0,0
LGAV03R1_1FNLImage5.png,0.7354014597869158,0.0,0
LGAV03R1_1LDImage1.png,0.6349573956712478,0.0,0
LGAV03R1_2FNLImage4.png,0.7227979272738865,0.0,0
LGAV03R1_3FNLImage1.png,0.5955882348561852,0.0,0
LGAV03R1_3FNLImage4.png,0.63425925911244,0.0,0
LGAV03R1_4FNLImage3.png,0.7666666663015873,0.0,0
LGAV03R1_4FNLImage6.png,0.6935560858857491,0.0,0
LGAV03R1_4FNLImage7.png,0.3126274800609563,0.0,0
LGAV03R1_5FNLImage1.png,0.6299212593465188,0.0,0
LGAV03R1_7FNLImage1.png,0.801724137239893,0.0,0
LGAV03R2_1FNLImage1.png,0.528846153337648,0.0,0
LGAV03R2_1FNLImage4.png,0.5239726025602833,0.0,0
LGAV03R2_1FNLImage7.png,0.6949733434617299,0.010224144710569243,0
LGAV03R2_2FNLImage4.png,0.41492537301047,0.0,0
LGAV03R2_2FNLImage8.png,0.707272376539799,0.0014970059880159484,0
LGAV03R2_4FNLImage2.png,0.6218487389732363,0.0,0
LGAV03R2_4FNLImage3.png,0.5714285710398446,0.0,0
LGAV03R2_4FNLImage4.png,0.4688427298312039,0.0,0
LGAV03R2_4FNLImage6.png,0.7382857142013388,0.0,0
LGAV03R2_4FNLImage7.png,0.7634228187599236,0.01035375323510122,0
LGAV03R2_4FNLImage8.png,0.8667968549212868,0.003127487774348189,0
LGAV03R2_4LDImage3.png,0.3038355293707585,0.0041778784874367805,0
LGAV03R2_5LDImage2.png,0.9283114992384167,0.0,0
LGAV03R2_6FNLImage3.png,0.0,0.0,0
LGAV03R2_6FNLImage6.png,0.2215568862085922,0.011981566819172205,0
LGAV03R2_7LDImage2.png,0.7359571822417907,0.005282806226630395,0
LGAV03R2_8FNLImage2.png,0.34299516891642745,0.0,0
LGAV03R2_8FNLImage4.png,0.41780821903499715,0.0,0
LGAV03R2_8FNLImage6.png,0.42579908670938366,0.0,0
LGAV03R2_8LDImage2.png,0.47201863806012706,0.0030629384447874424,0
LGAV03R3_1FNLImage3.png,0.03809523805895692,0.0,0
LGAV03R3_1FNLImage5.png,0.7683823526586829,0.0,0
LGAV03R3_1LDImage1.png,0.901648083155339,0.004588644264173401,0
LGAV03R3_1LDImage2.png,0.9304137430392915,0.004912556494375552,0
LGAV03R3_2FNLImage1.png,0.25563909764825593,0.0,0
LGAV03R3_2LDImage1.png,0.8824535453412108,0.004647785039919401,0
LGAV03R3_2LDImage3.png,0.516245268734243,0.009424338110228688,0
LGAV03R3_3FNLImage1.png,0.6944444438014403,0.0,0
LGAV03R3_3FNLImage2.png,0.4944444441697531,0.0,0
LGAV03R3_3FNLImage3.png,0.0,0.0,0
LGAV03R3_3FNLImage6.png,0.7281105989664961,0.0,0
LGAV03R3_3LDImage1.png,0.8929296495679542,0.004389446649524215,0
LGAV03R3_4FNLImage2.png,0.4969696966685032,0.0,0
LGAV03R3_4FNLImage4.png,0.7460317456370202,0.054545454512396695,0
LGAV03R3_4LDImage1.png,0.901207367582175,0.0045307443365486325,0
LGAV03R3_5FNLImage5.png,0.7713310577572249,0.0,0
LGAV03R3_5LDImage4.png,0.20050179993411038,0.0030286173434512106,0
LGAV03R3_6FNLImage1.png,0.0,0.0,0
LGAV03R3_6LDImage4.png,0.7676504889184903,0.005935175550137067,0
LGAV03R3_7FNLImage2.png,0.49275362295036057,0.0,0
LGAV03R3_7FNLImage6.png,0.8263565890191695,0.0,0
LGAV03R3_7LDImage1.png,0.8945234169560424,0.0044415044414834555,0
LGAV03R3_8LDImage3.png,0.46092595838330136,0.003251079251701481,0
LGAV03R3_8LDImage4.png,0.04011905049957626,0.0,0
LGAV21L1_1FNLImage4.png,0.5171261486618942,0.0,0
LGAV21L1_2FNLImage1.png,0.3852140076322124,0.0,0
LGAV21L1_2FNLImage2.png,0.6336633660229389,0.0,0
LGAV21L1_2FNLImage3.png,0.5555555553972776,0.0,0
LGAV21L1_3FNLImage3.png,0.6630136984484893,0.0,0
LGAV21L1_3FNLImage6.png,0.5928123969601844,0.0028030048211368647,0
LGAV21L1_4LDImage1.png,0.43567899130779986,0.016007588782735473,0
LGAV21L1_7FNLImage1.png,0.6388888885339506,0.0,0
LGAV21L1_7FNLImage2.png,0.7405660373865255,0.0,0
LGAV21L1_7FNLImage5.png,0.699115044185919,0.0,0
LGAV21L1_8FNLImage1.png,0.7085714281665306,0.0,0
LGAV21L1_8FNLImage2.png,0.5110132156339149,0.0,0
LGAV21L1_8FNLImage6.png,0.48273273272065237,0.0,0
LGAV21L2_1FNLImage4.png,0.8745318350422225,0.0,0
LGAV21L2_2FNLImage1.png,0.36986301352974293,0.0,0
LGAV21L2_2FNLImage2.png,0.40988372081108027,0.0,0
LGAV21L2_2LDImage1.png,0.3188261850987013,0.009681227862931744,0
LGAV21L2_3FNLImage2.png,0.6682242987531662,0.0,0
LGAV21L2_3FNLImage5.png,0.7081736908870898,0.0,0
LGAV21L2_4FNLImage1.png,0.5757575754086318,0.0,0
LGAV21L2_5FNLImage1.png,0.5983606552472454,0.0,0
LGAV21L2_5FNLImage5.png,0.7741935483065355,0.0,0
LGAV21L2_7FNLImage3.png,0.709969788305145,0.0,0
LGAV21L2_7FNLImage5.png,0.6950187969598206,0.0,0
LGAV21L2_8FNLImage1.png,0.5646258499560368,0.0,0
LGAV21L3_1FNLImage1.png,0.5781249995483398,0.0,0
LGAV21L3_1FNLImage4.png,0.7999999997866666,0.0,0
LGAV21L3_1FNLImage5.png,0.7238219894340547,0.0,0
LGAV21L3_1FNLImage6.png,0.6137667303847647,0.0,0
LGAV21L3_2FNLImage1.png,0.530434782147448,0.0,0
LGAV21L3_2FNLImage4.png,0.712765957257243,0.0,0
LGAV21L3_2FNLImage5.png,0.7134220071688728,0.0,0
LGAV21L3_3FNLImage1.png,0.7168141586576866,0.0,0
LGAV21L3_3FNLImage2.png,0.585526315404259,0.0,0
LGAV21L3_3FNLImage3.png,0.6266666663881482,0.0,0
LGAV21L3_4FNLImage2.png,0.6357142852602041,0.0,0
LGAV21L3_5FNLImage1.png,0.0,0.0,0
LGAV21L3_5FNLImage2.png,0.621212120741506,0.0,0
LGAV21L3_5FNLImage3.png,0.5282051279342538,0.0,0
LGAV21L3_5FNLImage4.png,0.603550295679423,0.0,0
LGAV21L3_5FNLImage5.png,0.6792168673675879,0.0,0
LGAV21L3_5FNLImage6.png,0.6657702650531783,0.010248324792658718,0
LGAV21L3_5LDImage3.png,0.5281716842304681,0.0020760592620357077,0
LGAV21L3_6LDImage1.png,0.7103555801402688,0.008346664811794208,0
LGAV21L3_6LDImage2.png,0.46110561755318286,0.011705938745589051,0
LGAV21L3_7FNLImage2.png,0.562499999609375,0.0,0
LGAV21L3_7FNLImage3.png,0.6216216213416119,0.0,0
LGAV21L3_7FNLImage6.png,0.6944371898486698,0.008157894736627425,0
LGAV21L3_7LDImage2.png,0.3566997349065161,0.012747020666671088,0
LGAV21L3_8FNLImage1.png,0.5362318836693972,0.0,0
LGAV21L3_8FNLImage4.png,0.7438423643488072,0.0,0
LGAV21L3_8FNLImage6.png,0.7854195322886098,0.0033637674193482095,0
LGAV21L3_8LDImage1.png,0.15419083816732507,0.013965777553925947,0
LGAV21L4_1FNLImage1.png,0.6199999995866667,0.0,0
LGAV21L4_1LDImage1.png,0.0004137360364030653,0.0,0
LGAV21L4_2FNLImage3.png,0.6257088845698093,0.0,0
LGAV21L4_2FNLImage4.png,0.8674531574692954,0.0,0
LGAV21L4_2FNLImage5.png,0.4480300930420109,0.0,0
LGAV21L4_2LDImage1.png,0.0,0.0,0
LGAV21L4_3FNLImage4.png,0.7762906309256666,0.0,0
LGAV21L4_5FNLImage1.png,0.0,0.0,0
LGAV21L4_5LDImage1.png,0.055696202530560936,0.0,0
LGAV21L4_6FNLImage6.png,0.0,0.0,0
LGAV21L4_6LDImage1.png,0.0,0.0,0
LGAV21L4_7FNLImage4.png,0.7495631915696236,0.0,0
LGAV21L4_8FNLImage1.png,0.5062499996835937,0.0,0
LGAV21L4_8FNLImage3.png,0.6007604561595513,0.0,0
LIPZ22R1_1FNLImage1.png,0.5135135131665449,0.0,0
LIPZ22R1_1FNLImage4.png,0.6678200689730726,0.0,0
LIPZ22R1_1LDImage4.png,0.7033861609015035,0.010717147435790091,0
LIPZ22R1_2FNLImage1.png,0.0,0.0,0
LIPZ22R1_2FNLImage2.png,0.18181818174931128,0.035928143691060996,0
LIPZ22R1_2FNLImage6.png,0.7385057470203297,0.0,0
LIPZ22R1_2LDImage2.png,0.1579152713198364,0.00037957866767167244,0
LIPZ22R1_2LDImage4.png,0.18066255777981,0.0,0
LIPZ22R1_3FNLImage1.png,0.24316109415101486,0.0,0
LIPZ22R1_3LDImage1.png,0.695443212878269,0.011737896637665586,0
LIPZ22R1_3LDImage2.png,0.7285234899267741,0.010684351109784614,0
LIPZ22R1_4FNLImage3.png,0.5982142854472258,0.0,0
LIPZ22R1_5FNLImage1.png,0.34684684669060956,0.0,0
LIPZ22R1_5FNLImage2.png,0.25765306115876196,0.0,0
LIPZ22R1_5FNLImage5.png,0.5862068964554669,0.0,0
LIPZ22R1_6FNLImage6.png,0.16967621419412085,0.004056162246426581,0
LIPZ22R1_7FNLImage2.png,0.413690476067354,0.0,0
LIPZ22R1_7FNLImage3.png,0.5462962961276863,0.0,0
LIPZ22R1_7LDImage1.png,0.71826625386819,0.009928258134677745,0
LIPZ22R1_7LDImage2.png,0.7525636156427866,0.01058479093153228,0
LIPZ22R1_8FNLImage1.png,0.22395833327501083,0.0,0
LIPZ22R1_8FNLImage5.png,0.502347417761761,0.01655629138798737,0
LIPZ22R1_8LDImage3.png,0.7699163581463737,0.011227845055648184,0
LIPZ22R1_9FNLImage1.png,0.5472972969275018,0.0,0
LIPZ22R1_9FNLImage4.png,0.3358098067851694,0.020958083829197893,0
LOWI08_1_10FNLImage3.png,0.7880434778325851,0.018404907964168767,0
LOWI08_1_10FNLImage5.png,0.8489065604674142,0.0,0
LOWI08_1_10LDImage1.png,0.5877853528741055,0.008250160978717603,0
LOWI08_1_10LDImage2.png,0.5659385113247796,0.012807377049098312,0
LOWI08_1_1FNLImage1.png,0.6717557246780491,0.0,0
LOWI08_1_1FNLImage5.png,0.8681541580389139,0.0,0
LOWI08_1_1FNLImage6.png,0.8098693758483404,0.0,0
LOWI08_1_2FNLImage2.png,0.6907894732297438,0.0,0
LOWI08_1_2FNLImage4.png,0.5978835977254275,0.0,0
LOWI08_1_2FNLImage6.png,0.8263052208420529,0.01253263707506357,0
LOWI08_1_3FNLImage4.png,0.8565573766981323,0.0,0
LOWI08_1_3FNLImage5.png,0.7780082985937742,0.0,0
LOWI08_1_3FNLImage6.png,0.892296185423164,0.0,0
LOWI08_1_4FNLImage4.png,0.838709677118742,0.0,0
LOWI08_1_4FNLImage6.png,0.856876166717058,0.011772853184780272,0
LOWI08_1_4LDImage3.png,0.4541620740860969,0.018320152167200718,0
LOWI08_1_5FNLImage1.png,0.7857142850127552,0.0,0
LOWI08_1_5FNLImage4.png,0.8194945845416987,0.0,0
LOWI08_1_5FNLImage5.png,0.879310344659136,0.0,0
LOWI08_1_5FNLImage6.png,0.8299232736042248,0.015328467152165804,0
LOWI08_1_6FNLImage3.png,0.7687499995195313,0.0,0
LOWI08_1_6FNLImage4.png,0.7361702124526935,0.0,0
LOWI08_1_6LDImage1.png,0.586266931297795,0.012001639248217308,0
LOWI08_1_7FNLImage1.png,0.7499999995312501,0.0,0
LOWI08_1_7FNLImage4.png,0.7412019490665294,0.015221707477483672,0
LOWI08_1_8FNLImage2.png,0.0,0.0,0
LOWI08_1_8LDImage1.png,0.2613260034437321,0.00811140972387925,0
LOWI08_1_8LDImage2.png,0.2552453068300593,0.0043757813894947685,0
LOWI08_1_9FNLImage1.png,0.1450777201821973,0.026041666662145545,0
LOWI08_1_9LDImage1.png,0.15294616362822397,0.010810810810616021,0
LOWI26_1_10FNLImage2.png,0.705882352347998,0.0,0
LOWI26_1_10FNLImage7.png,0.9346900141535879,0.0038910505834683345,0
LOWI26_1_1FNLImage4.png,0.7596566520344822,0.0,0
LOWI26_1_1FNLImage5.png,0.7857142854984301,0.0,0
LOWI26_1_1LDImage2.png,0.7145908036260425,0.007767919596481361,0
LOWI26_1_2FNLImage1.png,0.05913570886587295,0.0,0
LOWI26_1_2FNLImage2.png,0.17550274219826276,0.0,0
LOWI26_1_2FNLImage6.png,0.8653846152333244,0.0,0
LOWI26_1_3FNLImage4.png,0.8113207543342826,0.0,0
LOWI26_1_3FNLImage6.png,0.7960848285813892,0.0,0
LOWI26_1_3LDImage2.png,0.5406574178214206,0.01240191214930819,0
LOWI26_1_4FNLImage6.png,0.860031104065314,0.0,0
LOWI26_1_5FNLImage5.png,0.12336601306685598,0.0,0
LOWI26_1_5LDImage1.png,0.5717283346143206,0.010271518432955365,0
LOWI26_1_5LDImage2.png,0.4937855940381325,0.005863686534175885,0
LOWI26_1_6FNLImage2.png,0.32972972955149743,0.0,0
LOWI26_1_6FNLImage6.png,0.7930535454713382,0.009009009007385764,0
LOWI26_1_6LDImage1.png,0.612595614480845,0.008765370554965249,0
LOWI26_1_6LDImage3.png,0.47678747165086305,0.0074044265592965435,0
LOWI26_1_7FNLImage3.png,0.35439560429824296,0.0,0
LOWI26_1_7FNLImage4.png,0.6707317071125818,0.0,0
LOWI26_1_7LDImage3.png,0.6566791868547849,0.010882604969961943,0
LOWI26_1_8FNLImage2.png,0.36492890977965453,0.0,0
LOWI26_1_8FNLImage3.png,0.4626865669339868,0.0,0
LOWI26_1_8LDImage1.png,0.3302087435989754,0.002182633317589767,0
LOWI26_1_9FNLImage3.png,0.05919003113420871,0.0,0
LOWI26_1_9LDImage1.png,0.040604684758950044,0.021857923496073337,0
LOWI26_1_9LDImage2.png,0.2643293569935361,0.018474170372272523,0
LPPD12_1_1FNLImage1.png,0.7187499992513021,0.0,0
LPPD12_1_1FNLImage4.png,0.5966666664677778,0.0,0
LPPD12_1_2FNLImage1.png,0.016408114557983054,0.01020102010170414,0
LPPD12_1_2FNLImage3.png,0.6344086018094578,0.0,0
LPPD12_1_2FNLImage4.png,0.6150943393905304,0.0,0
LPPD12_1_2FNLImage5.png,0.7067209774528063,0.0022988505741841723,0
LPPD12_1_3FNLImage3.png,0.6648351644698708,0.0,0
LPPD12_1_3FNLImage4.png,0.719999999712,0.0,0
LPPD12_1_4FNLImage4.png,0.483870967568505,0.0,0
LPPD12_1_4FNLImage5.png,0.4308510637533952,0.0,0
LPPD12_1_4LDImage2.png,0.5922874795782097,0.00941870421454268,0
LPPD12_1_5FNLImage3.png,0.6214953268123854,0.0,0
LPPD12_1_5FNLImage4.png,0.5727848099453212,0.0,0
LPPD12_1_5FNLImage5.png,0.7748917747240494,0.0,0
LPPD12_1_5LDImage1.png,0.8513599512994898,0.0053638361121708545,0
LPPD12_1_5LDImage2.png,0.7685103512666204,0.0072031087100521175,0
LPPD12_1_5LDImage3.png,0.6965024445214695,0.0,0
LPPD12_1_6FNLImage3.png,0.562499999609375,0.0,0
LPPD12_1_6FNLImage5.png,0.6732954543541774,0.0,0
LPPD12_1_6FNLImage6.png,0.7973231356790321,0.020063357970426257,0
LPPD12_1_6LDImage2.png,0.6295075909197502,0.007336151192696224,0
LPPD12_1_6LDImage3.png,0.47541175096182137,0.012388001558142672,0
LPPD12_1_7FNLImage6.png,0.8531109685148742,0.0,0
LPPD12_1_7LDImage1.png,0.9320730452650924,0.004402256156267981,0
LPPD12_1_7LDImage3.png,0.5557374984219943,0.01262272089750506,0
LPPD12_1_8FNLImage2.png,0.5925925922267947,0.0,0
LPPD12_1_8FNLImage3.png,0.5576923074241864,0.0,0
LPPD12_1_8LDImage1.png,0.5972821875329423,0.011801488396618955,0
LPPD30_1_1FNLImage1.png,0.6647398840088209,0.0,0
LPPD30_1_1LDImage1.png,0.9181336103189424,0.006763741619142972,0
LPPD30_1_1LDImage3.png,0.6955748148958527,0.0,0
LPPD30_1_2FNLImage6.png,0.8474457662108155,0.0,0
LPPD30_1_2FNLImage7.png,0.9208375548738883,0.0050059097545365645,0
LPPD30_1_2LDImage1.png,0.7155151632015923,0.007731271660864665,0
LPPD30_1_2LDImage3.png,0.6986566484477535,0.01349251200894679,0
LPPD30_1_2LDImage4.png,0.6896942242299814,0.005611178347391229,0
LPPD30_1_3FNLImage4.png,0.30179028125273905,0.0,0
LPPD30_1_3FNLImage5.png,0.5274542428406899,0.0,0
LPPD30_1_3FNLImage6.png,0.46765734261646347,0.0,0
LPPD30_1_3FNLImage7.png,0.5696044546796313,0.007855590840584062,0
LPPD30_1_4FNLImage3.png,0.710144927278933,0.0,0
LPPD30_1_4FNLImage4.png,0.599118942599313,0.0,0
LPPD30_1_4FNLImage5.png,0.7457305501431252,0.0,0
LPPD30_1_5FNLImage2.png,0.7086956518657845,0.0,0
LPPD30_1_5FNLImage6.png,0.8512110726054525,0.0,0
LPPD30_1_5LDImage3.png,0.6703925845110665,0.010034843205504983,0
LPPD30_1_5LDImage4.png,0.714712773687366,0.007390745501206182,0
LPPD30_1_7FNLImage1.png,0.6163522008702188,0.0,0
LPPD30_1_7FNLImage2.png,0.7198067629372914,0.0,0
LPPD30_1_7FNLImage4.png,0.7297297295325055,0.0,0
LPPD30_1_7FNLImage7.png,0.9190359630781579,0.007945967421375726,0
LPPD30_1_7LDImage1.png,0.9092387516421078,0.00570752124463828,0
LPPD30_1_7LDImage3.png,0.4627112135158882,0.00685525175315692,0
LPPD30_1_7LDImage4.png,0.6463002763229482,0.015212981744250472,0
LPPD30_1_8FNLImage1.png,0.6566265056285383,0.0,0
LPPD30_1_8FNLImage6.png,0.8642611683106304,0.0,0
LPPD30_1_8LDImage2.png,0.9359092791356802,0.005136929183744831,0
LPPD30_1_8LDImage5.png,0.7331242240035736,0.010131789441531714,0
LPPD30_1_9FNLImage2.png,0.44363636347504126,0.0,0
LPPD30_1_9FNLImage3.png,0.6623376620509361,0.0,0
LPPD30_1_9FNLImage4.png,0.7263843645842396,0.0,0
LPPD30_1_9FNLImage7.png,0.8367250354549587,0.0,0
LPPD30_1_9LDImage1.png,0.3724054235002829,0.007720351704828218,0
LPPD30_1_9LDImage2.png,0.4092144387236333,0.00914076782442763,0
LPPD30_2_1FNLImage3.png,0.6851851847622314,0.0,0
LPPD30_2_1FNLImage6.png,0.8521400777546972,0.0,0
LPPD30_2_2FNLImage4.png,0.5660377355820577,0.0,0
LPPD30_2_2FNLImage7.png,0.9146966236595598,0.004295476732806407,0
LPPD30_2_3FNLImage1.png,0.28124999978027343,0.0,0
LPPD30_2_3FNLImage3.png,0.14285714277210884,0.0,0
LPPD30_2_3FNLImage4.png,0.10894941630001967,0.0,0
LPPD30_2_3LDImage1.png,0.23188703255155393,0.00951798812426198,0
LPPD30_2_4LDImage2.png,0.6132573506254125,0.012965964343528006,0
LPPD30_2_5FNLImage1.png,0.6758620684994054,0.0,0
LPPD30_2_5FNLImage2.png,0.7449664424530427,0.0,0
LPPD30_2_5FNLImage5.png,0.7142857141034985,0.0,0
LPPD30_2_5FNLImage7.png,0.7890893049662332,0.0045928810343737565,0
LPPD30_2_5LDImage2.png,0.7417778467208983,0.0,0
LPPD30_2_6FNLImage5.png,0.7177419352909296,0.0,0
LPPD30_2_6LDImage2.png,0.5821053201847922,0.010667965118805418,0
LPPD30_2_7FNLImage4.png,0.6089108907876679,0.0,0
LPPD30_2_7FNLImage7.png,0.9397348080126956,0.0049154541879347525,0
LPPD30_2_8FNLImage2.png,0.7027027022279037,0.0,0
LPPD30_2_9FNLImage1.png,0.3711790391392231,0.0,0
LPPD30_2_9FNLImage5.png,0.6851851849737083,0.0,0
LPPD30_2_9FNLImage6.png,0.7547169810371426,0.0,0
LPPD30_3_1FNLImage1.png,0.42481202991548417,0.0,0
LPPD30_3_1FNLImage2.png,0.6397849458925887,0.0,0
LPPD30_3_1FNLImage6.png,0.8165271204653612,0.0,0
LPPD30_3_1LDImage2.png,0.6297598917779522,0.0007250054375355252,0
LPPD30_3_2FNLImage1.png,0.47701149397872905,0.0,0
LPPD30_3_2FNLImage4.png,0.6402877696306264,0.0,0
LPPD30_3_2FNLImage6.png,0.8386723272543932,0.0,0
LPPD30_3_3FNLImage6.png,0.48981900450641713,0.01332346409967998,0
LPPD30_3_4FNLImage3.png,0.4971590907678525,0.0,0
LPPD30_3_4FNLImage4.png,0.3614814814279287,0.0,0
LPPD30_3_5FNLImage1.png,0.6293706289305101,0.0,0
LPPD30_3_5FNLImage2.png,0.7403314913036843,0.0,0
LPPD30_3_5FNLImage5.png,0.7733473241580958,0.0,0
LPPD30_3_5LDImage1.png,0.5470459518582936,0.0056089480762108145,0
LPPD30_3_5LDImage2.png,0.6782851481520464,0.010594342620928123,0
LPPD30_3_6FNLImage4.png,0.8232323230244363,0.0,0
LPPD30_3_7FNLImage1.png,0.540740740340192,0.0,0
LPPD30_3_7FNLImage3.png,0.6653846151286982,0.0,0
LPPD30_3_7FNLImage5.png,0.8368495076178833,0.0,0
LPPD30_3_8FNLImage1.png,0.4285714283965015,0.0,0
LPPD30_3_8FNLImage3.png,0.7110266156992293,0.0,0
LPPD30_3_8FNLImage7.png,0.9140929600871157,0.0054285844623629,0
LPPD30_3_8LDImage2.png,0.6118189211113054,0.011415525114018077,0
LPPD30_3_9LDImage1.png,0.28781477099638486,0.0,0
LSZH34_1_10FLNImage1.png,0.7546012265309195,0.0,0
LSZH34_1_10FLNImage4.png,0.7425742572786981,0.0,0
LSZH34_1_10LDImage1.png,0.6599485775843082,0.015578635014644182,0
LSZH34_1_1FNLImage4.png,0.8596491225556581,0.0,0
LSZH34_1_2FNLImage3.png,0.8117647055640138,0.0,0
LSZH34_1_2FNLImage4.png,0.8657142854669387,0.0,0
LSZH34_1_2FNLImage5.png,0.8743961350544937,0.0,0
LSZH34_1_2FNLImage7.png,0.8371123707832852,0.00421432871760373,0
LSZH34_1_2FNLImage8.png,0.7280587058019264,0.005009500777319021,0
LSZH34_1_2FNLImage9.png,0.5488988428466881,0.0063640220618756465,0
LSZH34_1_3FNLImage2.png,0.7990430618186397,0.0,0
LSZH34_1_3FNLImage5.png,0.9160935349496433,0.0,0
LSZH34_1_3FNLImage6.png,0.8959178156016243,0.007171543315915905,0
LSZH34_1_4FNLImage3.png,0.5952848721816729,0.0,0
LSZH34_1_4FNLImage6.png,0.8949214579701857,0.006007468744828584,0
LSZH34_1_4LDImage1.png,0.65513281405868,0.006607763177742759,0
LSZH34_1_4LDImage2.png,0.5592632140913023,0.01079498673487517,0
LSZH34_1_5FNLImage6.png,0.669934640486387,0.009937888198140503,0
LSZH34_1_5LDImage2.png,0.705589849105343,0.010066931490395238,0
LSZH34_1_6FNLImage2.png,0.6414342626926557,0.0,0
LSZH34_1_6FNLImage3.png,0.7178683383329566,0.0,0
LSZH34_1_6FNLImage4.png,0.5528756956302643,0.0,0
LSZH34_1_6FNLImage6.png,0.580428608298982,0.010005558643412854,0
LSZH34_1_6LDImage1.png,0.6052289248804866,0.008185083103615697,0
LSZH34_1_8FNLImage2.png,0.5148514848936379,0.0,0
LSZH34_1_8FNLImage6.png,0.7917466410368644,0.005668934240041444,0
LSZH34_1_9FNLImage5.png,0.6815286623583686,0.014238773273358294,0
LSZH34_1_9LDImage1.png,0.7328244274788743,0.006354665071746581,0
LXGB09_1_1FNL1Image4.png,0.4750186985753551,0.006548323471348731,0
LXGB09_1_1LDImage2.png,0.6955799064227063,0.006263205553831397,0
LXGB09_1_2FNLImage3.png,0.42618741974157975,0.0,0
LXGB09_1_2LDImage3.png,0.7605062736274533,0.0059475662558739414,0
LXGB09_1_2LDImage4.png,0.7835699473575257,0.004703774218819936,0
LXGB09_1_2LDImage5.png,0.5600677380775665,0.005798473463074383,0
LXGB09_1_3FNLImage2.png,0.1256863941351015,0.0,0
LXGB09_1_3FNLImage3.png,0.5589824590549547,0.0035455005909018,0
LXGB09_1_5LDImage2.png,0.5438676097676661,0.007008586679011331,0
LXGB09_1_5LDImage3.png,0.41924386048307427,0.007408975444507159,0
LXGB09_1_6FNLImage2.png,0.0,0.0,0
LXGB09_1_6FNLImage4.png,0.462466275187074,0.0,0
LXGB09_1_6LDImage1.png,0.7064455671418414,0.004934284304468065,0
LXGB09_1_6LDImage3.png,0.5234545521798611,0.006453163079646953,0
LXGB09_1_6LDImage4.png,0.6665686908451397,0.005902009286959589,0
LXGB09_1_7LDImage3.png,0.7040424802990611,0.005445352003085155,0
LXGB09_1_8LDImage3.png,0.17289381267844595,0.006461719208865657,0
LXGB09_1_8LDImage4.png,0.25964237763865605,0.005564387917265904,0
LXGB09_2_2FNLImage3.png,0.10301675977423426,0.0002623294858273261,0
LXGB09_2_4FNLImage4.png,0.5031650705972542,0.0,0
LXGB09_2_4LDImage2.png,0.532048555441115,0.0054364240410517475,0
LXGB09_2_4LDImage4.png,0.5813234191433975,0.005275091388620262,0
LXGB09_2_5FNLImage2.png,0.0,0.0,0
LXGB09_2_5LDImage1.png,0.3246941812758187,0.013521947160250446,0
LXGB09_2_6LDImage3.png,0.3855841371905627,0.007184588662504463,0
LXGB09_2_7FNLImage3.png,0.0,0.0,0
LXGB09_2_7FNLImage4.png,0.45550847455697,0.0,0
LXGB09_2_8FNLImage4.png,0.19800332777878524,0.0,0
LXGB09_2_8LDImage3.png,0.48774575814376686,0.010486454995528824,0
LXGB27_1_1LDImage3.png,0.46694677870886864,0.0003462304163390787,0
LXGB27_1_3FNLImage2.png,0.0,0.0,0
LXGB27_1_3LDImage1.png,0.467821418834341,0.007325519445891824,0
LXGB27_1_4FNLImage2.png,0.10204971652411472,0.0,0
LXGB27_1_4FNLImage3.png,0.49082568802836457,0.0,0
LXGB27_1_4LDImage3.png,0.6333901192450307,0.0,0
LXGB27_1_5FNLImage4.png,0.48035560652479625,0.0,0
LXGB27_1_6LDImage1.png,0.5344093348085035,0.009188479654045291,0
LXGB27_1_7FNLImage4.png,0.41548223349199287,0.0,0
LXGB27_1_7LDImage3.png,0.35555032187016977,0.01246002866895512,0
LXGB27_1_8FNLImage3.png,0.09193954658791693,0.0,0
LXGB27_1_8LDImage2.png,0.0010660980809855686,0.0,0
NZQN05_1_1FNLImage2.png,0.6826923070358728,0.0,0
NZQN05_1_1FNLImage3.png,0.6490066220867506,0.0,0
NZQN05_1_1FNLImage5.png,0.7150837986829375,0.0,0
NZQN05_1_2FNLImage1.png,0.0,0.0,0
NZQN05_1_2FNLImage3.png,0.6802721083807673,0.0,0
NZQN05_1_3FNLImage3.png,0.5873015869908458,0.0,0
NZQN05_1_3FNLImage4.png,0.6760563377107717,0.0,0
NZQN05_1_3FNLImage6.png,0.8017094016408794,0.0,0
NZQN05_1_3LDImage2.png,0.5502613890881216,0.016481723237328955,0
NZQN05_1_4FNLImage3.png,0.39419087120572993,0.0,0
NZQN05_1_4FNLImage6.png,0.7450980391426375,0.0,0
NZQN05_1_4LDImage1.png,0.7329685172973609,0.004832489196576216,0
NZQN05_1_5FNLImage3.png,0.20737327179383722,0.0,0
NZQN05_1_5FNLImage4.png,0.5307692305650887,0.0,0
NZQN05_1_5LDImage1.png,0.8007557718148838,0.005175460742204143,0
NZQN05_1_5LDImage4.png,0.5147477167163536,0.010857563488942628,0
NZQN05_1_6FNLImage4.png,0.0,0.0,0
NZQN05_1_6LDImage1.png,0.7655072463731135,0.003963239517495903,0
NZQN05_1_6LDImage2.png,0.6236839763912818,0.006061422413765888,0
NZQN05_1_7FNLImage6.png,0.5698324021992655,0.0,0
NZQN05_1_7LDImage2.png,0.5977556109707053,0.0024960709993413327,0
NZQN05_1_7LDImage4.png,0.15698345517406062,0.0,0
NZQN05_1_8FNLImage1.png,0.09870129867566199,0.0,0
NZQN05_1_8FNLImage3.png,0.2403560830147311,0.0,0
NZQN05_1_9FNLImage4.png,0.6867924525710216,0.0,0
NZQN05_1_9LDImage2.png,0.30037504260823816,0.0,0
NZQN05_1_9LDImage3.png,0.1204819277070234,0.0,0
NZQN14_1_1FNLImage1.png,0.4061538460288757,0.0,0
NZQN14_1_2LDImage1.png,0.16672824943817546,0.00901207277658541,0
NZQN14_1_3FNLImage1.png,0.6716981129540761,0.0,0
NZQN14_1_3FNLImage2.png,0.4600246001894189,0.0,0
NZQN14_1_4FNLImage2.png,0.5509554139250071,0.0,0
NZQN14_1_4FNLImage3.png,0.20195079761578918,0.003974748655506786,0
NZQN14_1_4LDImage1.png,0.06844312187111534,0.0,0
NZQN14_1_5LDImage1.png,0.14494274809022,0.0,0
NZQN14_1_6FNLImage1.png,0.0,0.0,0
NZQN14_1_6LDImage1.png,0.3170272419118842,0.0019157088122412208,0
NZQN23_1_1LDImage1.png,0.7232030569780323,0.0057948796565819565,0
NZQN23_1_2FNLImage3.png,0.6917293227881735,0.0,0
NZQN23_1_3FNLImage7.png,0.558062375571366,0.00977869274301289,0
NZQN23_1_4FNLImage1.png,0.05196629212753283,0.0,0
NZQN23_1_4FNLImage3.png,0.687074829464575,0.0,0
NZQN23_1_4FNLImage4.png,0.6666666663194445,0.0,0
NZQN23_1_4FNLImage6.png,0.7282780409591978,0.0,0
NZQN23_1_4FNLImage7.png,0.8416795069175331,0.00821807977534139,0
NZQN23_1_5FNLImage6.png,0.7918088735850156,0.0,0
NZQN23_1_5FNLImage7.png,0.8744686879888222,0.0005861664712606634,0
NZQN23_1_5LDImage2.png,0.547788137272177,0.01401264731234541,0
NZQN23_1_6LDImage3.png,0.19885803270075858,0.005102725929836139,0
NZQN23_1_7FNLImage3.png,0.018351577591462467,0.0,0
NZQN23_1_7FNLImage4.png,0.10244786943767471,0.0,0
NZQN23_1_7FNLImage7.png,0.3043570369313454,0.0077915099408501255,0
NZQN23_1_8FNLImage3.png,0.36492890977965453,0.0,0
NZQN23_1_8FNLImage4.png,0.5221238935742815,0.010752688166261995,0
NZQN23_1_8FNLImage7.png,0.6808988763853681,0.002014388489150665,0
NZQN23_1_8LDImage2.png,0.530210834455382,0.006525845783922801,0
NZQN23_1_8LDImage3.png,0.31249014765218597,0.015084673402375343,0
NZQN32_1_1LDImage1.png,0.40223834380075096,0.002089059923011665,0
NZQN32_1_2FNLImage4.png,0.39776951670750027,0.0006915629321790067,0
NZQN32_1_3FNLImage4.png,0.6170483460167272,0.0,0
NZQN32_1_4LDImage2.png,0.14874511991034928,0.003938115330465006,0
NZQN32_1_6FNLImage4.png,0.6443883984054996,0.0,0
NZQN32_1_6LDImage2.png,0.09586282465100286,0.02409638554142427,0
NZQN32_1_8LDImage1.png,0.06286599235317783,0.0,0
OMAA13L1_1FNLImage2.png,0.7971698109447313,0.0,0
OMAA13L1_1FNLImage3.png,0.7545454543168043,0.0,0
OMAA13L1_1LDImage2.png,0.7139400523395687,0.0049993827922170135,0
OMAA13L1_2FNLImage4.png,0.5772994128028768,0.0,0
OMAA13L1_2LDImage2.png,0.5672435178042216,0.0011100319134098096,0
OMAA13L1_3FNLImage6.png,0.8627889633957652,0.0,0
OMAA13L1_3LDImage1.png,0.4252733539326561,0.005128687714651444,0
OMAA13L1_4FNLImage7.png,0.9066210867055304,0.0018986140117353595,0
OMAA13L1_4LDImage1.png,0.5122368329816454,0.005142476858838579,0
OMAA13L1_5FNLImage5.png,0.6805845510771833,0.0,0
OMAA13L1_5FNLImage6.png,0.7697000507997102,0.0032751091701269043,0
OMAA13L1_6FNLImage1.png,0.0,0.0,0
OMAA13L1_6FNLImage4.png,0.777954004696435,0.0,0
OMAA13L1_6FNLImage5.png,0.9040225829003994,0.002243270189375791,0
OMAA13L1_6LDImage2.png,0.5801212121176962,0.0,0
OMAA13L1_7FNLImage4.png,0.0,0.0,0
OMAA13L1_7LDImage2.png,0.20314517075341423,0.0,0
OMAA13L1_7LDImage3.png,0.03309648466654644,0.0,0
OMAA13L1_8FNLImage1.png,0.7199999995885714,0.0,0
OMAA13L1_8FNLImage2.png,0.8025751069516845,0.0,0
OMAA13L2_1FNLImage6.png,0.7818877550023102,0.0,0
OMAA13L2_1FNLImage7.png,0.8208955223409359,0.0,0
OMAA13L2_1LDImage2.png,0.7508323111934868,0.009029603383192196,0
OMAA13L2_1LDImage3.png,0.3471430965132911,0.009101516919415778,0
OMAA13L2_2FNLImage5.png,0.0,0.0,0
OMAA13L2_2FNLImage6.png,0.7382113819937868,0.0,0
OMAA13L2_2FNLImage7.png,0.8180076627830135,0.0,0
OMAA13L2_2FNLImage8.png,0.7991532151151323,0.0,0
OMAA13L2_3FNLImage2.png,0.7111111107950617,0.0,0
OMAA13L2_3FNLImage3.png,0.729007633309539,0.0,0
OMAA13L2_3FNLImage5.png,0.7941888617931746,0.0,0
OMAA13L2_3FNLImage6.png,0.0,0.0,0
OMAA13L2_3FNLImage7.png,0.8315371525336621,0.0,0
OMAA13L2_4FNLImage1.png,0.3468013466845786,0.0,0
OMAA13L2_4FNLImage2.png,0.6973684207467683,0.0,0
OMAA13L2_5FNLImage2.png,0.6958525342415426,0.0,0
OMAA13L2_5FNLImage3.png,0.7714285711137027,0.0,0
OMAA13L2_5FNLImage6.png,0.7588235293224914,0.0,0
OMAA13L2_6FNLImage1.png,0.01673640166663749,0.0,0
OMAA13L2_7FNLImage8.png,0.12304648862268949,0.0,0
OMAA13L2_7LDImage1.png,0.1064471580167668,0.0050955414011657,0
OMAA13L2_8FNLImage1.png,0.7939393934582186,0.0,0
OMAA13L2_8FNLImage3.png,0.4759493669681141,0.0,0
OMAA13L2_8FNLImage6.png,0.5692307691634046,0.0,0
OMAA13L2_8FNLImage7.png,0.659588159545715,0.0,0
OMAA13L2_8FNLImage8.png,0.8934969324934111,0.0,0
OMAA13L3_1FNLImage2.png,0.7563291136847059,0.0,0
OMAA13L3_1FNLImage5.png,0.8743206521145163,0.0,0
OMAA13L3_1FNLImage6.png,0.8174195293260098,0.010178117048058296,0
OMAA13L3_1LDImage2.png,0.9541587081007625,0.002061301308459748,0
OMAA13L3_1LDImage4.png,0.8421290587717134,0.004938271604917248,0
OMAA13L3_1LDImage5.png,0.7845039354269201,0.0058150967778020195,0
OMAA13L3_2FNLImage2.png,0.5695187164252623,0.0,0
OMAA13L3_2FNLImage6.png,0.8111817026477464,0.0,0
OMAA13L3_2LDImage1.png,0.8122938010000669,0.002639683237988212,0
OMAA13L3_2LDImage4.png,0.801962346426257,0.005531570426310795,0
OMAA13L3_3FNLImage1.png,0.4949152540695202,0.0,0
OMAA13L3_3FNLImage4.png,0.7196691175809127,0.0,0
OMAA13L3_4FNLImage3.png,0.7878787877295684,0.0,0
OMAA13L3_4FNLImage6.png,0.8016546457190994,0.0,0
OMAA13L3_5FNLImage1.png,0.12716174973274041,0.0,0
OMAA13L3_5FNLImage3.png,0.8176229506521264,0.0,0
OMAA13L3_5FNLImage4.png,0.8615023473167251,0.0,0
OMAA13L3_5LDImage1.png,0.8542939579017795,0.0036029202616516265,0
OMAA13L3_5LDImage3.png,0.8468110302753611,0.0,0
OMAA13L3_6FNLImage5.png,0.5945072697419622,0.0,0
OMAA13L3_7FNLImage5.png,0.3264427217634416,0.0,0
OMAA13L3_7FNLImage6.png,0.23274999999418125,0.0,0
OMAA13L3_7LDImage3.png,0.5032047858107936,0.0037558685445617536,0
OMAA13L3_8LDImage4.png,0.7934434311018397,0.0017577378677741096,0
OMAA13L3_8LDImage5.png,0.7039837398359675,0.004616487455183896,0
PHJR29_1_1FNLImage2.png,0.7936507932308726,0.0,0
PHJR29_1_1FNLImage3.png,0.7865168536380086,0.0,0
PHJR29_1_1FNLImage4.png,0.33717948713625906,0.0,0
PHJR29_1_1FNLImage6.png,0.3889636608170048,0.007385524371866788,0
PHJR29_1_1LDImage1.png,0.7178177439389415,0.008041601887074354,0
PHJR29_1_1LDImage2.png,0.7708020132009582,0.010127396214242143,0
PHJR29_1_1LDImage4.png,0.3976675772179274,0.01301063234452979,0
PHJR29_1_2FNL1Image1.png,0.628571428122449,0.0,0
PHJR29_1_2FNL1Image2.png,0.6752136749251224,0.0,0
PHJR29_1_2LDImage3.png,0.5950661853144174,0.008357496162302937,0
PHJR29_1_3FNLImage5.png,0.5916575191447138,0.0,0
PHJR29_1_4FNLImage1.png,0.799999999483871,0.0,0
PHJR29_1_4FNLImage2.png,0.6731707313789411,0.0,0
PHJR29_1_4FNLImage5.png,0.720616570188706,0.0,0
PHJR29_1_4FNLImage6.png,0.7236842104787049,0.008038585208357027,0
PHJR29_1_4LDImage4.png,0.5490319286786748,0.010242474916316593,0
PHJR29_1_4LDImage5.png,0.539850895392054,0.010794227928521824,0
PHJR29_1_5FNLImage1.png,0.8187134498136179,0.0,0
PHJR29_1_5FNLImage4.png,0.19457364339576946,0.0,0
PHJR29_1_5FNLImage5.png,0.698630136866673,0.0,0
PHJR29_1_5LDImage2.png,0.256496335399886,0.004105973213372705,0
PHJR29_1_6FNLImage5.png,0.637795275506851,0.0,0
PHJR29_1_6LDImage2.png,0.5695156031661048,0.00993691921586537,0
PHJR29_1_6LDImage3.png,0.5458402073985864,0.011864922421588896,0
PHJR29_1_6LDImage4.png,0.5583954561550699,0.0065126050419483964,0
PHJR29_1_7FNLImage6.png,0.5144341801088663,0.0,0
PHJR29_1_7LDImage1.png,0.6880227057697483,0.005196019134532369,0
PHJR29_1_7LDImage2.png,0.555063046003023,0.010476043752848267,0
PHJR29_1_7LDImage4.png,0.5042235217627009,0.003544385371297819,0
PHJR29_1_8FNLImage2.png,0.20512820511317742,0.0,0
PHJR29_1_8FNLImage5.png,0.8778581765430122,0.00901577761068346,0
PHJR29_1_9FNLImage2.png,0.7622950816547971,0.0,0
PHJR29_1_9LDImage1.png,0.1486586007361417,0.0,0
PHJR29_1_9LDImage2.png,0.10516207423625147,0.025682704810608494,0
PHJR29_2_1FNLImage3.png,0.1737226277118653,0.0,0
PHJR29_2_1FNLImage5.png,0.33374999995828125,0.0,0
PHJR29_2_1FNLImage6.png,0.19754977028088055,0.0,0
PHJR29_2_1FNLImage8.png,0.5504098796917873,0.016192994051374827,0
PHNL08L1_1FNLImage1.png,0.567567567184076,0.0,0
PHNL08L1_1LDImage3.png,0.457996146433982,0.0046423495973252375,0
PHNL08L1_2FNLImage3.png,0.6612903223139959,0.0,0
PHNL08L1_2LDImage1.png,0.3260437375735072,0.0016107531659541726,0
PHNL08L1_3FNLImage4.png,0.3774464118939938,0.0,0
PHNL08L1_3FNLImage6.png,0.822386319455453,0.0,0
PHNL08L1_3LDImage2.png,0.0,0.0,0
PHNL08L1_3LDImage3.png,0.6428139487876877,0.0,0
PHNL08L1_4FNLImage3.png,0.7155688620612068,0.0,0
PHNL08L1_5FNLImage1.png,0.6811594197962613,0.0,0
PHNL08L1_5FNLImage2.png,0.6263157891440443,0.0,0
PHNL08L1_5FNLImage6.png,0.6059961726514566,0.003777445502449221,0
PHNL08L1_6FNLImage1.png,0.72999999927,0.0,0
PHNL08L1_6FNLImage3.png,0.5757575755083301,0.0,0
PHNL08L1_6LDImage1.png,0.0,0.0,0
PHNL08L1_7FNLImage3.png,0.6825775654695518,0.0,0
PHNL08L1_7LDImage1.png,0.4072043852716178,0.0,0
PHNL08L1_7LDImage3.png,0.0,0.0,0
PHNL08L1_7LDImage4.png,0.24156775383674486,0.0008119812342041502,0
PHNL08L1_8FNLImage4.png,0.7970588234121972,0.0,0
PHNL08L1_8LDImage2.png,0.21893095768130363,0.0,0
PHNL08L2_1FNLImage1.png,0.6259541979954548,0.0,0
PHNL08L2_1FNLImage7.png,0.5192495390899116,0.0,0
PHNL08L2_2FNLImage1.png,0.5886524818520196,0.0,0
PHNL08L2_2FNLImage3.png,0.6588628760338251,0.0,0
PHNL08L2_2FNLImage4.png,0.27552816898983024,0.0009302325580530015,0
PHNL08L2_2FNLImage6.png,0.47436840813160736,0.0,0
PHNL08L2_2LDImage2.png,0.3783783783739893,0.00036751194413143124,0
PHNL08L2_2LDImage4.png,0.5203503737784463,0.0,0
PHNL08L2_4FNLImage3.png,0.7077922075624051,0.0,0
PHNL08L2_5FNLImage1.png,0.2639999998944,0.0,0
PHNL08L2_5FNLImage2.png,0.24944812356524323,0.0,0
PHNL08L2_5FNLImage6.png,0.47623163352128406,0.0,0
PHNL08L3_1FNLImage1.png,0.6111111105452676,0.0,0
PHNL08L3_1FNLImage5.png,0.5999999998636363,0.0,0
PHNL08L3_1FNLImage6.png,0.6291560100692696,0.0,0
PHNL08L3_2FNLImage1.png,0.6451612898022893,0.0,0
PHNL08L3_2FNLImage6.png,0.24921667871175665,0.0,0
PHNL08L3_4FNLImage3.png,0.3167420813046416,0.03759398493413986,0
PHNL08L3_5FNLImage4.png,0.3280632409770501,0.0,0
PHNL08L4_1FNLImage1.png,0.5481481477421125,0.0,0
PHNL08L4_1LDImage3.png,0.49759190686972676,0.007181156644929236,0
PHNL08L4_2FNLImage4.png,0.3044354838402787,0.0,0
PHNL08L4_2FNLImage5.png,0.7562674093654224,0.013029315958790014,0
PHNL08L4_2LDImage5.png,0.4968496103444833,0.010374179819070871,0
PHNL08L4_3FNLImage2.png,0.6736111106433257,0.0,0
PHNL08L4_3FNLImage6.png,0.7897435896423406,0.0,0
PHNL08L4_3FNLImage7.png,0.6718278704871943,0.0,0
PHNL08L4_4FNLImage2.png,0.12071156288173933,0.0,0
PHNL08L4_4FNLImage4.png,0.7172011659716614,0.0,0
PHNL08L4_4FNLImage6.png,0.6969346442627568,0.0,0
PHNL08L4_4LDImage3.png,0.5556979053196098,0.009924306139529653,0
PHNL08L4_5FNLImage2.png,0.1717352414719615,0.01138519923882634,0
PHNL08L4_5LDImage4.png,0.6244234110087329,0.012525141707750388,0
PHNL08L4_5LDImage6.png,0.572663125342324,0.0037101449274932153,0
PHNL08L4_5LDImage8.png,0.4055322301752836,0.0,0
PHNL08L4_6FNLImage1.png,0.20454545431301654,0.0,0
PHNL08L4_6FNLImage4.png,0.7048710599699509,0.0,0
PHNL08L4_7FNLImage4.png,0.6831395346851338,0.0,0
PHNL08L4_7FNLImage7.png,0.4085671170848187,0.005274028177305916,0
PHNL08L4_7LDImage2.png,0.3123179475680251,0.0066372328294300245,0
PHNL08L4_8FNLImage5.png,0.6457461644845542,0.0,0
PHNL08L4_8FNLImage6.png,0.543471387905676,0.0,0
PHNL08L5_1FNLImage1.png,0.6567164174203609,0.0,0
PHNL08L5_2FNLImage1.png,0.7204301067522257,0.0,0
PHNL08L5_2FNLImage5.png,0.6118251927234158,0.0,0
PHNL08L5_3FNLImage1.png,0.5892857137595664,0.0,0
PHNL08L5_3FNLImage2.png,0.053284336240088,0.0,0
PHNL08L5_3LDImage1.png,0.40786683205790936,0.0037170215344684374,0
PHNL08L5_3LDImage2.png,0.4821595149197509,0.0,0
PHNL08L5_4FNLImage3.png,0.5904436858053093,0.0,0
PHNL08L5_4FNLImage4.png,0.03898128898061363,0.0,0
PHNL08L5_4FNLImage6.png,0.7630805408433651,0.004072490327752545,0
PHNL08R1_1FNLImage3.png,0.733333332984127,0.0,0
PHNL08R1_1FNLImage6.png,0.7414448667791931,0.0,0
PHNL08R1_1LDImage4.png,0.7448275862020506,0.010668912753487268,0
PHNL08R1_2FNLImage1.png,0.2994011975151493,0.0,0
PHNL08R1_2LDImage1.png,0.8417218248837419,0.0059194845333667215,0
PHNL08R1_2LDImage2.png,0.7213478398628885,0.009108118726973933,0
PHNL08R1_3FNLImage2.png,0.5935828873831108,0.0,0
PHNL08R1_3FNLImage4.png,0.6615969579233472,0.0,0
PHNL08R1_3FNLImage5.png,0.6283422458212988,0.014084507037294186,0
PHNL08R1_4FNLImage2.png,0.7431693985010004,0.0,0
PHNL08R1_4FNLImage5.png,0.7493606136190893,0.027190332318069384,0
PHNL08R1_4LDImage1.png,0.5140193169893288,0.008925106713193959,0
PHNL08R1_6LDImage1.png,0.5387696323285658,0.008589417504029565,0
PHNL08R1_6LDImage2.png,0.48123259319702266,0.009010919113701839,0
PHNL08R1_6LDImage3.png,0.6394074074036183,0.01217460953134021,0
PHNL08R1_7FNLImage3.png,0.5563139929841932,0.0,0
PHNL08R1_7FNLImage6.png,0.7377358489174084,0.02390438246535769,0
PHNL08R1_7LDImage1.png,0.6065103877333485,0.007879423139451768,0
PHNL08R1_7LDImage2.png,0.6301150630483979,0.010196078431328122,0
PHNL08R1_7LDImage4.png,0.42441533391927655,0.0,0
PHNL08R1_8FNLImage3.png,0.7580645158233611,0.0,0
PHNL08R1_8FNLImage6.png,0.7923416788229247,0.0,0
PHNL08R2_1FNLImage4.png,0.7547169809896761,0.0,0
PHNL08R2_2FNLImage5.png,0.8988888887890124,0.011764705880968859,0
PHNL08R2_3LDImage2.png,0.9028708781877484,0.005473840997931581,0
PHNL08R2_4FNLImage4.png,0.8352490419855846,0.0,0
PHNL08R2_4FNLImage5.png,0.8817086526964175,0.013301088269250172,0
PHNL08R2_4LDImage2.png,0.6772759645357762,0.007067522018023748,0
PHNL08R2_4LDImage4.png,0.6995686586511178,0.014305254758837881,0
PHNL08R2_5FNLImage2.png,0.6531986529787209,0.0,0
PHNL08R2_5LDImage5.png,0.3920308483262494,0.0,0
PHNL08R2_7FNLImage1.png,0.48430493262683744,0.0,0
PHNL08R2_8FNLImage1.png,0.7642276419657611,0.0,0
PHNL08R2_8LDImage3.png,0.5032898899120378,0.015558005634992551,0
PHNL26R1_1FNLImage1.png,0.17724649627557737,0.0,0
PHNL26R1_1FNLImage4.png,0.6944024204698332,0.0,0
PHNL26R1_1LDImage1.png,0.9091541457953911,0.005234212023496172,0
PHNL26R1_3FNLImage4.png,0.8054711244976488,0.0,0
PHNL26R1_3LDImage4.png,0.592101341277257,0.0,0
PHNL26R1_4FNLImage4.png,0.7292307691185799,0.0,0
PHNL26R1_5FNLImage5.png,0.753824756553976,0.0,0
PHNL26R1_6LDImage1.png,0.8638978142692534,0.005538405665491472,0
PHNL26R1_8FNLImage2.png,0.7685714283518367,0.0,0
PHNL26R1_8FNLImage3.png,0.7892271660915159,0.012135922327151475,0
PHNL26R1_8FNLImage4.png,0.7219730940624853,0.0,0
PHNL26R1_8LDImage2.png,0.06280107835757547,0.008640744433079404,0
PHNL26R1_8LDImage3.png,0.00530066815142405,0.0,0
PHNL26R2_1FNLImage1.png,0.8288288284554826,0.0,0
PHNL26R2_1FNLImage2.png,0.7447698741653682,0.014084507035641076,0
PHNL26R2_1FNLImage3.png,0.6750902524638662,0.0,0
PHNL26R2_2FNLImage1.png,0.7424892700676012,0.0,0
PHNL26R2_2FNLImage5.png,0.7391304346933417,0.0,0
PHNL26R2_2LDImage4.png,0.6853578547959271,0.0,0
PHNL26R2_3FNLImage4.png,0.8018867922637058,0.024875621884359298,0
PHNL26R2_3LDImage2.png,0.5968805388146121,0.010263064763437288,0
PHNL26R2_3LDImage3.png,0.5019886460193018,0.015471892728110675,0
PHNL26R2_4LDImage6.png,0.26331596148517517,0.0,0
PHNL26R2_5FNLImage4.png,0.8126094569505062,0.0,0
PHNL26R2_5LDImage2.png,0.5338460635221809,0.01378294492075447,0
PHNL26R2_5LDImage4.png,0.5148257745001822,0.0033333333333106572,0
PHNL26R2_6FNLImage1.png,0.44387755079394003,0.0,0
PHNL26R2_6FNLImage2.png,0.5702811242689634,0.0,0
PHNL26R2_6FNLImage3.png,0.7510204078567264,0.01785714284917092,0
PHNL26R2_6LDImage1.png,0.6005279804731887,0.009575473636585808,0
PHNL26R2_8LDImage5.png,0.011466091728621461,0.0,0
RJTT16L1_1FNLImage1.png,0.8435054771762903,0.0035587188605767407,0
RJTT16L1_1LDImage2.png,0.6320927157456693,0.0061308061307917845,0
RJTT16L1_1LDImage3.png,0.5885344049840542,0.0075016116743392034,0
RJTT16L1_1LDImage4.png,0.7026711315263401,0.0,0
RJTT16L1_2FNLImage3.png,0.5234666666620136,0.006173869514330488,0
RJTT16L1_2LDImage1.png,0.20492318098317489,0.01142131979682255,0
RJTT16L1_3LDImage1.png,0.09733462023834483,0.018004501123930643,0
RJTT16L1_3LDImage3.png,0.11379296610461706,0.02106353591087488,0
RJTT16L2_1LDImage3.png,0.6094236760085058,0.004138882501692811,0
RJTT16L2_2LDImage4.png,0.42583804714921286,0.012716472851897294,0
RJTT16L3_1FNLImage1.png,0.717532467415985,0.0,0
RJTT16L3_1FNLImage2.png,0.8863945577628303,0.015789473683023348,0
RJTT16L3_2FNLImage1.png,0.15952597993076334,0.0,0
RJTT16L3_2LDImage1.png,0.347957639938793,0.009560445776944275,0
RJTT16L3_2LDImage2.png,0.3835497439640098,0.010301953818766713,0
RJTT16L4_1FNLImage1.png,0.7709677416867845,0.0,0
RJTT16L4_2LDImage1.png,0.3804662712045735,0.011640027796879083,0
RJTT16L4_2LDImage2.png,0.3657722600429464,0.014916810097361826,0
UHPP16_1_1FNLImage1.png,0.8507462682334596,0.0,0
UHPP16_1_1LDImage3.png,0.5437946774563449,0.009277934650944225,0
UHPP16_1_2FNLImage2.png,0.8544303794764461,0.0,0
UHPP16_1_3FNLImage2.png,0.856666666381111,0.0,0
UHPP16_1_3LDImage1.png,0.5679045893711233,0.005311778290979441,0
UHPP16_1_3LDImage3.png,0.5461011084734664,0.008962748576146365,0
UHPP16_1_3LDImage4.png,0.34003802661523025,0.01188161589950569,0
UHPP16_1_4FNLImage3.png,0.7028037381863919,0.0,0
UHPP16_1_4FNLImage6.png,0.5176766326120892,0.006004002668412252,0
UHPP16_1_5FNLImage2.png,0.5567867034468734,0.0,0
UHPP16_1_5FNLImage3.png,0.7927927926142359,0.0,0
UHPP16_1_5FNLImage4.png,0.8260869564246667,0.0,0
UHPP16_1_6FNLImage3.png,0.8069105689416848,0.0,0
UHPP16_1_7FNLImage5.png,0.6692073170476674,0.010067114093396693,0
VCAA05_1_1LDImage2.png,0.5606802647851012,0.006611957795983062,0
VCAA05_1_1LDImage3.png,0.285250126041761,0.0,0
VCAA05_1_2FNLImage1.png,0.8141592918552745,0.0,0
VCAA05_1_2FNLImage3.png,0.8302290729858653,0.0071011919856175205,0
VCAA05_1_3FNLImage3.png,0.864671344681875,0.0035912504080380142,0
VCAA05_1_3LDImage2.png,0.6119743111600168,0.0,0
VCAA05_1_4LDImage3.png,0.02508308276606201,0.0,0
VCCA23_1_2FNLImage3.png,0.8636986300778288,0.015384615383431952,0
VCCA23_1_3FNLImage1.png,0.7522522519134,0.0,0
VCCA23_1_4FNLImage2.png,0.5385852089166262,0.0,0
VCCA23_1_4FNLImage3.png,0.77403508766498,0.009143807148034595,0
VCCA23_1_4LDImage2.png,0.016665551167815637,0.01190476190121882,0
VDSR05_1_1LDImage1.png,0.9666060579140245,0.00461967707997704,0
VDSR05_1_1LDImage2.png,0.9122543872783554,0.005311509173178745,0
VDSR05_1_2FNLImage1.png,0.277992277884945,0.0,0
VDSR05_1_2FNLImage3.png,0.7010869561407136,0.0,0
VDSR05_1_2FNLImage4.png,0.5876623374715382,0.0,0
VDSR05_1_2FNLImage5.png,0.8866855521567463,0.0,0
VDSR05_1_2LDImage2.png,0.9672388364108098,0.00503631961257454,0
VDSR05_1_3FNLImage1.png,0.16190476182766442,0.0,0
VDSR05_1_3FNLImage4.png,0.565359476939425,0.0,0
VDSR05_1_3LDImage2.png,0.4651991466805795,0.010834509171483398,0
VDSR05_1_4LDImage3.png,0.7717419025734132,0.010557466208067834,0
VDSR05_1_5FNLImage2.png,0.6888888885061729,0.0,0
VDSR05_1_5FNLImage4.png,0.48596112300519195,0.0,0
VDSR05_1_5LDImage2.png,0.6737946290509887,0.007063288470298825,0
VDSR05_1_6FNLImage6.png,0.6856256462579498,0.0,0
VDSR05_1_6LDImage3.png,0.2448728754029889,0.01683406422383882,0
VDSR05_1_7FNLImage4.png,0.6102362202321905,0.0,0
VDSR05_1_7FNLImage5.png,0.8415300544148825,0.0,0
VDSR05_1_7LDImage2.png,0.5854732571357542,0.009675920057423095,0
VDSR05_1_8FNLImage1.png,0.28571428544217686,0.0,0
VDSR05_1_8FNLImage2.png,0.25899280556906995,0.0,0
VDSR05_1_8FNLImage4.png,0.610486891157121,0.0,0
VDSR05_1_8LDImage1.png,0.21407532084886347,0.008345606283545763,0
VHHH07L1_1FNLImage1.png,0.21935483856815818,0.0,0
VHHH07L1_1FNLImage2.png,0.3358778624672222,0.0,0
VHHH07L1_1FNLImage3.png,0.607558139358268,0.0,0
VHHH07L1_1FNLImage4.png,0.7821011671630154,0.0,0
VHHH07L1_1FNLImage6.png,0.8280003160241131,0.003021148036229757,0
VHHH07L1_1LDImage1.png,0.7965789832338454,0.0052892728509047445,0
VHHH07L1_1LDImage3.png,0.6708912198697816,0.0052294299014411785,0
VHHH07L1_2FNLImage1.png,0.31884057924805714,0.0,0
VHHH07L1_2FNLImage4.png,0.8664688426442663,0.0,0
VHHH07L1_2LDImage5.png,0.5307474818825698,0.01156208599287532,0
VHHH07L1_3FNLImage1.png,0.049599999992064006,0.0,0
VHHH07L1_3LDImage1.png,0.7835231078348214,0.005912184355030842,0
VHHH07L1_3LDImage3.png,0.6563581162159982,0.006414267834760042,0
VHHH07L1_4FNLImage6.png,0.74241729112126,0.004941973457688145,0
VHHH07L1_5FNLImage1.png,0.0,0.0,0
VHHH07L1_5FNLImage3.png,0.7401574800235601,0.0,0
VHHH07L1_5FNLImage5.png,0.8031651829076988,0.0,0
VHHH07L1_6FNLImage4.png,0.8578352179551155,0.0,0
VHHH07L1_6FNLImage6.png,0.7785787517596483,0.005164302642265345,0
VHHH07L1_7FNLImage2.png,0.04433307632828323,0.0,0
VHHH07L1_7FNLImage3.png,0.1877780379280288,0.003305785123784805,0
VHHH07L1_7LDImage3.png,0.4454875832815097,0.007000067308292387,0
VHHH07L1_7LDImage4.png,0.3220521664134401,0.016658657696353378,0
VHHH07L1_8FNLImage5.png,0.7481203006815675,0.0,0
VHHH07L1_8LDImage3.png,0.4211780169192378,0.010873786407555848,0
VHHH07L1_8LDImage5.png,0.1156255933146834,0.0,0
VHHH07L1_9FNLImage4.png,0.6751054850896402,0.0,0
VHHH07L1_9LDImage2.png,0.4299903405979799,0.006083613179509984,0
VHHH07L1_9LDImage3.png,0.33287475082030243,0.007243963363803131,0
VHHH07L1_9LDImage5.png,0.45418621881572246,0.0,0
VHHH25R1_1FNLImage1.png,0.8060606055720845,0.0,0
VHHH25R1_1FNLImage3.png,0.7717391301551669,0.0,0
VHHH25R1_1LDImage3.png,0.5007034367897422,0.0053318824809285535,0
VHHH25R1_2FNLImage2.png,0.3177842564671183,0.0,0
VHHH25R1_2FNLImage3.png,0.20958083829197893,0.0,0
VHHH25R1_2LDImage2.png,0.581534337872027,0.007104740630407344,0
VHHH25R1_2LDImage3.png,0.4143611212218955,0.007319304666005212,0
VHHH25R1_2LDImage5.png,0.521145591439581,0.00990740740731567,0
VHHH25R1_3FNLImage1.png,0.5274261601150101,0.0,0
VHHH25R1_3FNLImage4.png,0.15104166664044416,0.0,0
VHHH25R1_3FNLImage6.png,0.6100331282247974,0.010698552548099524,0
VHHH25R1_3LDImage1.png,0.9401814591117656,0.0047933984588168395,0
VHHH25R1_3LDImage2.png,0.783685085375551,0.0072388505963955595,0
VHHH25R1_4FNLImage4.png,0.48098433993713996,0.0,0
VHHH25R1_4LDImage1.png,0.5681789843057978,0.0069501466275456005,0
VHHH25R1_4LDImage2.png,0.5808226259035209,0.007776049766693827,0
VHHH25R1_5FNLImage4.png,0.0,0.0,0
VHHH25R1_5FNLImage5.png,0.0,0.013986013981123771,0
VHHH25R1_5LDImage4.png,0.4888914942230559,0.016777579904238657,0
VHHH25R1_6LDImage1.png,0.6566525816723866,0.01942041260802577,0
VHHH25R1_8FNLImage4.png,0.49149659855586797,0.0,0
VHHH25R1_8FNLImage5.png,0.5382857142241959,0.01568627450775343,0
VHHH25R1_8LDImage1.png,0.08672927378537913,0.0,0
VHHH25R1_8LDImage2.png,0.581830887483133,0.006016847171978394,0
VHHH25R1_8LDImage3.png,0.46714264898051666,0.0,0
VHHH25R1_8LDImage4.png,0.23659697784647907,0.0,0
VHHH25R1_9FNLImage1.png,0.0,0.0,0
VHHH25R1_9FNLImage4.png,0.0,0.0,0
VHHH25R1_9LDImage1.png,0.07094444053549345,0.0,0
VHHH25R1_9LDImage5.png,0.09303582458235765,0.026367831244141868,0
VHHH25R2_1FNLImage1.png,0.7121212115817264,0.0,0
VHHH25R2_1FNLImage2.png,0.5963855418094063,0.0,0
VHHH25R2_1FNLImage8.png,0.8102785782511874,0.0,0
VHHH25R2_1FNLImage9.png,0.9840628158206944,0.0010172143974881281,0
VHHH25R2_1LDImage1.png,0.6539563763714537,0.004916454651705575,0
VHHH25R2_3FNLImage4.png,0.5423076920991123,0.0,0
VHHH25R2_3FNLImage5.png,0.576112412043065,0.0,0
VHHH25R2_3FNLImage6.png,0.7923076921045364,0.0,0
VHHH25R2_3LDImage1.png,0.6231160369009435,0.002632197414793738,0
VHHH25R2_3LDImage4.png,0.44881273993709075,0.008646645564667283,0
VHHH25R2_4FNLImage1.png,0.6864406773843723,0.0,0
VHHH25R2_4FNLImage5.png,0.7413793101317875,0.0,0
VHHH25R2_4FNLImage7.png,0.5814771394394517,0.0,0
VHHH25R2_5FNLImage2.png,0.45303867378285156,0.0,0
VHHH25R2_5FNLImage4.png,0.24747474741225384,0.021341463408127603,0
VHHH25R2_5FNLImage5.png,0.0,0.0,0
VHHH25R2_5FNLImage7.png,0.43161856958198014,0.0,0
VHHH25R2_5FNLImage9.png,0.9241550478069628,0.0024390243902247125,0
VHHH25R2_5LDImage4.png,0.21956692471424247,0.0026326447954104367,0
VHHH25R2_7FNLImage2.png,0.19112114370269967,0.025089605725774334,0
VHHH25R2_7LDImage1.png,0.3162445388154464,0.004875356452903363,0
VHHH25R2_8FNLImage8.png,0.8523748394831595,0.0,0
VHHH25R2_9FNLImage3.png,0.0,0.0,0
VHHH25R2_9FNLImage4.png,0.11111111106362773,0.0,0
VHHH25R2_9FNLImage7.png,0.1244094487993056,0.0,0
VHHH25R2_9FNLImage8.png,0.0908517350100409,0.0,0
VHHH25R2_9FNLImage9.png,0.14500925769950337,0.0,0
VHHH25R2_9LDImage2.png,0.06561861560280613,0.00816743236303382,0
VHHH25R2_9LDImage4.png,0.16427401483607018,0.0,0
VIDP10_1_1FNLImage3.png,0.7649402387390677,0.0,0
VIDP10_1_1FNLImage4.png,0.8244514103998585,0.0,0
VIDP10_1_1LDImage2.png,0.4459691252112209,0.0,0
VIDP10_1_2LDImage1.png,0.5945349448177137,0.0003921568627399718,0
VIDP10_1_3FNLImage3.png,0.7187499996791294,0.0,0
VIDP10_1_3FNLImage6.png,0.0,0.0,0
VIDP10_1_4FNLImage5.png,0.44578313248536316,0.0,0
VIDP10_1_4LDImage2.png,0.4139773455778163,0.0031383097959395132,0
VIDP10_1_4LDImage5.png,0.8536480686661972,0.004735803551831897,0
VIDP10_1_5FNLImage3.png,0.5541795663918948,0.0,0
VIDP10_1_5FNLImage4.png,0.720257234495094,0.0,0
VIDP10_1_5FNLImage5.png,0.6744186045085795,0.0,0
VIDP10_1_6FNLImage7.png,0.4978831498519101,0.0,0
VIDP10_1_7FNLImage1.png,0.16666666645299147,0.0,0
VIDP10_1_7FNLImage2.png,0.7575757571166207,0.0,0
VIDP10_1_7FNLImage3.png,0.7142857139941691,0.0,0
VIDP10_1_7FNLImage4.png,0.6199999998622222,0.0,0
VIDP10_1_7LDImage1.png,0.5254912373731946,0.01053093461998548,0
VIDP10_1_7LDImage3.png,0.4232676878160228,0.00169465413647058,0
VIDP10_1_7LDImage4.png,0.32152398652448394,0.0,0
VIDP10_1_8FNLImage2.png,0.0,0.0,0
VIDP10_1_8LDImage3.png,0.04684788895224894,0.003484320557248479,0
VIDP10_1_9FNLImage4.png,0.4556701029988309,0.0,0
VIDP10_1_9FNLImage5.png,0.30357142854561464,0.0,0
VIDP10_2_1FNLImage1.png,0.4085603111250738,0.0,0
VIDP10_2_1FNLImage4.png,0.7689873415288014,0.0,0
VIDP10_2_1FNLImage6.png,0.6484085861844257,0.0,0
VIDP10_2_2FNLImage1.png,0.49115044226055293,0.0,0
VIDP10_2_2FNLImage3.png,0.7067307688909948,0.0,0
VIDP10_2_2FNLImage4.png,0.7654320985291876,0.0,0
VIDP10_2_2FNLImage5.png,0.46496815279220255,0.0,0
VIDP10_2_3LDImage2.png,0.002068252326569984,0.0,0
VIDP10_2_4FNLImage1.png,0.5707762554471342,0.019607843127643215,0
VIDP10_2_4FNLImage3.png,0.4705882351682919,0.03682719545698946,0
VIDP10_2_4FNLImage4.png,0.7566765576389684,0.0,0
VIDP10_2_4FNLImage6.png,0.19691119689852565,0.0,0
VIDP10_2_4LDImage3.png,0.3800708206474494,0.006109740335963932,0
VIDP10_2_4LDImage5.png,0.3687943259795785,0.0,0
VIDP10_2_5FNLImage3.png,0.433427761916876,0.0,0
VIDP10_2_5LDImage3.png,0.0,0.0,0
VIDP10_2_6FNLImage1.png,0.4429530198369443,0.0,0
VIDP10_2_6FNLImage5.png,0.7455919393587929,0.0,0
VIDP10_2_6LDImage2.png,0.5415311212259647,0.0,0
VIDP10_2_7FNLImage2.png,0.6249999995888158,0.0,0
VIDP10_2_7FNLImage3.png,0.7512437807207742,0.0,0
VIDP10_2_7FNLImage4.png,0.7647058821161901,0.0,0
VIDP10_2_9FNLImage2.png,0.35579514815207675,0.0,0
VIDP10_2_9FNLImage3.png,0.8111455105847846,0.0,0
VIDP10_2_9LDImage1.png,0.1007481296748055,0.004741833508706964,0
VIDP28_1_1FNLImage1.png,0.7017543855545296,0.0,0
VIDP28_1_1LDImage3.png,0.616621288731975,0.009350613633987587,0
VIDP28_1_1LDImage4.png,0.5633115388139998,0.011387620870704425,0
VIDP28_1_2FNLImage1.png,0.6470588231487889,0.0,0
VIDP28_1_2FNLImage2.png,0.7375886522207132,0.0,0
VIDP28_1_3FNLImage3.png,0.8525179854581802,0.0,0
VIDP28_1_3LDImage1.png,0.5137349550620416,0.006455900503149834,0
VIDP28_1_3LDImage5.png,0.17729257641749352,0.012496220900811284,0
VIDP28_1_4FNLImage2.png,0.7460317457357017,0.0,0
VIDP28_1_4FNLImage4.png,0.7561881187182936,0.01953124999745687,0
VIDP28_1_4LDImage1.png,0.6207242883361435,0.005305323126205072,0
VIDP28_1_4LDImage6.png,0.5040630975103245,0.0077168706758229825,0
VIDP28_1_6FNLImage1.png,0.7530864192882183,0.0,0
VIDP28_1_6FNLImage2.png,0.8178137648510876,0.0,0
VIDP28_1_6FNLImage5.png,0.7628410914774711,0.010963910461147468,0
VIDP28_1_6LDImage4.png,0.5026918935535489,0.005101275318804195,0
VIDP28_1_6LDImage6.png,0.5424069728400669,0.0,0
VIDP28_1_7FNLImage2.png,0.7938931294679796,0.0,0
VIDP28_1_7LDImage2.png,0.6303501945493847,0.004664541708740849,0
VIDP28_1_8FNLImage2.png,0.7337461298037937,0.0,0
VIDP28_1_8LDImage5.png,0.5620224828445131,0.010572086281820393,0
VIDP28_1_8LDImage7.png,0.2914491672844712,0.0,0
VIDP28_1_9FNLImage4.png,0.8573717948030951,0.0,0
VIDP28_1_9LDImage3.png,0.06369594335997011,0.013919413918904052,0
YBAS12_1_1FNLImage5.png,0.7509090907725621,0.0,0
YBAS12_1_2FNLImage5.png,0.7388059699654711,0.0,0
YBAS12_1_2FNLImage6.png,0.7675868209467865,0.0,0
YBAS12_1_3FNLImage3.png,0.5042735041298366,0.0,0
YBAS12_1_3FNLImage5.png,0.34325744302219663,0.0,0
YBAS12_1_3LDImage1.png,0.2608944134839135,0.008447984552052909,0
YBAS12_1_3LDImage3.png,0.02049469964646206,0.0,0
YBAS12_1_4FNLImage4.png,0.675324675032327,0.0,0
YBAS12_1_4FNLImage5.png,0.8078817732000291,0.0,0
YBAS12_1_5FNLImage1.png,0.7205882347642734,0.0,0
YBAS12_1_5FNLImage3.png,0.7999999996097561,0.0,0
YBAS12_1_5FNLImage5.png,0.8050458713749894,0.0,0
YBAS12_1_6FNLImage4.png,0.7610619465659018,0.0,0
YBAS12_1_6FNLImage5.png,0.78571428552076,0.0,0
YBAS12_1_6FNLImage6.png,0.7424124513040924,0.0,0
YBAS12_1_6LDImage2.png,0.5930225222346033,0.00904719211012269,0
YBAS12_1_7FNLImage4.png,0.643564356223246,0.0,0
YBAS12_1_7LDImage1.png,0.41165079876695737,0.008945998698618314,0
YBAS12_1_8FNLImage1.png,0.0,0.0,0
YBAS12_1_8LDImage1.png,0.1976516634028128,0.01691729323262843,0
YBAS12_1_9FNLImage2.png,0.5943396223611606,0.0,0
YBAS12_1_9FNLImage3.png,0.4656716416520383,0.0,0
YBAS12_1_9LDImage2.png,0.39940693429745877,0.0,0
YSSY16L1_1LDImage1.png,0.6261712555837315,0.004377195352583749,0
YSSY16L1_1LDImage2.png,0.07728156913568941,0.006453312261264966,0
YSSY16L1_2LDImage1.png,0.49335525414271353,0.0031684562576825177,0
YSSY16L1_3FNLImage1.png,0.5361702125378,0.0,0
YSSY16L1_3FNLImage2.png,0.45787545779159794,0.0,0
YSSY16L1_3FNLImage3.png,0.5442670536220222,0.0,0
YSSY16L1_3LDImage2.png,0.18807025547230757,0.008474576271062616,0
YSSY16L1_3LDImage3.png,0.3529882871140605,0.0007604562737546204,0
YSSY16L1_4LDImage2.png,0.667494775027929,0.002462043496087332,0
YSSY16L1_4LDImage4.png,0.5176548967328568,0.0,0
YSSY16R1_1LDImage2.png,0.8207929742972471,0.005003909304128213,0
YSSY16R1_2FNLImage1.png,0.7037037034865111,0.03773584904473715,0
YSSY16R1_2FNLImage3.png,0.7079482439598915,0.015500234851315162,0
YSSY16R1_2LDImage1.png,0.9611422706075694,0.0036132012217700467,0
YSSY16R1_2LDImage3.png,0.8881694497578101,0.004801920768293263,0
YSSY16R1_2LDImage4.png,0.4509018036049554,0.00806021454389818,0
YSSY16R1_2LDImage6.png,0.2924167830101682,0.018552875695560734,0
YSSY16R1_3FNLImage2.png,0.5291925465181128,0.0,0
YSSY16R1_3LDImage1.png,0.7890417571780661,0.004061001425653169,0
YSSY16R1_3LDImage4.png,0.318334305715298,0.019899692606052424,0
YSSY16R1_4LDImage5.png,0.464492222491797,0.006485849056561282,0
YSSY16R1_5LDImage1.png,0.6448646237238088,0.005092838196259455,0
YSSY16R1_5LDImage3.png,0.19291368841675155,0.004489097905039663,0
YSSY34R1_1FNLImage1.png,0.534426229332975,0.0,0
YSSY34R1_1FNLImage2.png,0.6759259257694615,0.0,0
YSSY34R1_1FNLImage3.png,0.43007360668453487,0.0,0
YSSY34R1_1LDImage2.png,0.792121041403597,0.005598682662876505,0
YSSY34R1_2FNLImage4.png,0.7176835573197845,0.00859950859845215,0
YSSY34R1_3LDImage2.png,0.42799362666731217,0.003762017556029511,0
YSSY34R1_3LDImage4.png,0.34365105199199936,0.009433962264070762,0
YSSY34R1_4FNLImage2.png,0.5603015073969091,0.0,0
YSSY34R1_4LDImage4.png,0.5740453978903424,0.006148211132146326,0
YSSY34R1_5FNLImage1.png,0.3586206895315101,0.0,0
YSSY34R1_5LDImage5.png,0.2646833307768116,0.008552694098559795,0
YSSY34R1_5LDImage6.png,0.355148839195431,0.010323203087213476,0
ZSNB13_1_2FNLImage5.png,0.7914438500557637,0.0,0
ZSNB13_1_2FNLImage6.png,0.5072463767503326,0.0,0
ZSNB13_1_2LDImage2.png,0.866977910940931,0.004031402503684621,0
ZSNB13_1_3FNLImage4.png,0.2732095489991486,0.0,0
ZSNB13_1_3FNLImage7.png,0.7698199923106159,0.0008932559177805603,0
ZSNB13_1_3LDImage4.png,0.19753243449420194,0.0,0
ZSNB13_1_3LDImage5.png,0.039556701596424104,0.0,0
ZSNB13_1_3LDImage6.png,0.11063851994856708,0.008188116732979464,0
ZSNB31_1_1FNLImage6.png,0.8151162789749865,0.0,0
ZSNB31_1_2FNLImage1.png,0.7213114748185971,0.0,0
ZSNB31_1_3FNLImage3.png,0.4372093022239048,0.0,0
ZSNB31_2_1FNLImage1.png,0.6749999995781251,0.0,0
ZSNB31_2_1FNLImage2.png,0.6603053432594254,0.0,0
ZSNB31_2_1FNLImage6.png,0.8960550008037967,0.004735328936162095,0
ZSNB31_2_1LDImage2.png,0.9468075814398915,0.0035198873635733903,0
ZSNB31_2_1LDImage3.png,0.8809005442806487,0.0033403130920164506,0
ZSNB31_2_1LDImage6.png,0.6003790943330011,0.005477630370751741,0
ZSNB31_2_2FNLImage4.png,0.6346153845136835,0.0,0
ZSNB31_2_2FNLImage5.png,0.7293921731282771,0.0,0
ZSNB31_2_2LDImage1.png,0.9000288516892667,0.0029559562518037845,0
ZSNB31_2_2LDImage3.png,0.935946208962789,0.003656144105549704,0
ZSNB31_2_3FNLImage2.png,0.13593256057577108,0.0,0
ZSNB31_2_3FNLImage3.png,0.08897485492656512,0.0,0
ZSNB31_2_3FNLImage4.png,0.1277134587508063,0.006095238095005896,0
ZSNB31_2_3LDImage1.png,0.26827516874524954,0.006690684508147674,0
ZSNB31_2_3LDImage2.png,0.26741542986672795,0.004398826979257144,0
ZSNB31_2_3LDImage4.png,0.2937592319041093,0.0,0
ZSNB31_2_3LDImage5.png,0.24413818449009872,0.0,0
ZSNB31_3_1FNLImage1.png,0.7175572513606433,0.0,0
ZSNB31_3_1FNLImage4.png,0.6785714283290816,0.0,0
ZSNB31_3_1LDImage2.png,0.9676672088276028,0.004074651642416245,0
ZSNB31_3_1LDImage5.png,0.5821687599491815,0.00556169683568619,0
ZSNB31_3_2FNLImage2.png,0.7916666661954366,0.0,0
ZSNB31_3_2FNLImage4.png,0.7553956831815123,0.0,0
ZSNB31_3_2LDImage3.png,0.7697888531814565,0.006914520493018051,0
ZSNB31_3_3FNLImage1.png,0.5744680848008149,0.0,0
ZSNB31_3_3FNLImage5.png,0.5668202763670921,0.0,0
ZSNB31_3_3LDImage3.png,0.29577464788601804,0.0,0
ZSNB31_3_3LDImage4.png,0.16478248822342814,0.014967570264178155,0
ZUUU02L1_1FNLImage3.png,0.7269230766434911,0.0,0
ZUUU02L1_1LDImage1.png,0.9487343241932842,0.004280363830900182,0
ZUUU02L1_1LDImage2.png,0.678185504118366,0.004358968217842169,0
ZUUU02L1_1LDImage3.png,0.45174963924862066,0.005308588692251581,0
ZUUU02R1_1LDImage3.png,0.5928310962821195,0.0061315496097841884,0
ZUUU02R2_1FNLImage1.png,0.706744867827934,0.0,0
ZUXJ02_1_1FNLImage4.png,0.30030030021012,0.0,0
ZUXJ02_1_1FNLImage5.png,0.7377892028951698,0.0,0
ZUXJ02_1_1FNLImage6.png,0.3330380867729815,0.0,0
ZUXJ02_1_1LDImage2.png,0.13946117274086128,0.005225422287001911,0
ZUXJ02_1_1LDImage5.png,0.40251773616897357,0.0038735343383179068,0
ZUXJ02_1_2FNLImage1.png,0.2785714284719388,0.03896103894417271,0
ZUXJ02_1_2LDImage2.png,0.6835703104595501,0.005103547176156297,0
ZUXJ02_1_2LDImage5.png,0.21085208538085928,0.0,0
ZUXJ02_1_3FNLImage1.png,0.2688679244014774,0.0,0
ZUXJ02_1_3LDImage3.png,0.6520865350475701,0.003662022150735423,0
ZUXJ02_1_4FNLImage4.png,0.7662721891224046,0.0,0
ZUXJ02_1_6FNLImage4.png,0.6677852346752398,0.0,0
ZUXJ02_1_7FNLImage2.png,0.5601173018885286,0.0,0
ZUXJ02_1_7FNLImage4.png,0.7010086454826362,0.0030241935480822386,0
ZUXJ02_1_7LDImage2.png,0.622124823412098,0.012507074136884509,0
ZUXJ02_1_8FNLImage4.png,0.7290604515128142,0.0,0
ZUXJ02_1_8LDImage2.png,0.7133673797338903,0.010264293152128406,0
ZUXJ02_1_9FNLImage1.png,0.31623931596902627,0.05494505488467577,0
ZUXJ02_1_9FNLImage3.png,0.0,0.0,0
ZUXJ02_1_9LDImage2.png,0.4856240868282049,0.005703422053203405,0
MEAN,0.5502576250069016,0.003757533120992279,0
